"","SampleID","Old_sample_ID","project","size_fraction_lower_threshold","size_fraction_upper_threshold","collection_date_merged","Year","Month","Day","lat","long","lat_rank","depth","water_colum","altitude","feature_v2","raw_env_v2","Salinity_V2","Temp_MG","Longhurst_province","longhurst_code","province_name","ocean","biome","OcenRegion","notus_18SrRNA","nreads_18SrRNA","picozoa_nreads","picozoa_noutus","picozoa_nreads_rarefy","Picozoa_notus_rarefy","Shannon","S.obs","S.chao1","water_colum2"
"2120","ERR2220165","ERR2220165","PRJEB23771",0.22,"3","03/01/2011",2011,1,3,-4.778666667,-28.16866667,"0_-30","4000","BATHY",NA,"marine pelagic zone (ENVO_00000208)","marine biome/open ocean/water",34.86,NA,"Trades - Western Tropical Atlantic Province","WTRA","Western tropical Atlantic","Atlantic","Trade wind","SAO",550,225595,0,0,0,0,0,0,0,"NO_SUNLIGHT"
"2121","ERR2220241","ERR2220241","PRJEB23771",0.22,"3","05/07/2011",2011,7,5,26.911,-32.8365,"0_30","4000","BATHY",NA,"marine pelagic zone (ENVO_00000208)","marine biome/open ocean/water",34.91,NA,"Westerlies - N. Atlantic Subtropical Gyral Province (East) (STGE)","NASE","Northeast Atlantic subtropical gyral","Atlantic","Westerly","NAO",54,44577,0,0,0,0,0,0,0,"NO_SUNLIGHT"
"2122","ERR2220275","ERR2220275","PRJEB23771",0.22,"3","17/02/2011",2011,2,17,-33.90716667,37.04216667,"-30_-60","4000","BATHY",NA,"marine pelagic zone (ENVO_00000208)","marine biome/open ocean/water",34.74,NA,"Trades - Indian S. Subtropical Gyre Province","ISSG","Indian South subtropical gyre","Indian","Trade wind","IO",153,10736,0,0,0,0,0,0,0,"NO_SUNLIGHT"
"2123","SRR5902386","SRR5902386","PRJNA385736",0.22,NA,"20/09/2016",2016,9,20,-28.00505,154.35052,"0_-30","1000","BATHY",NA,"marine layer (ENVO_01000295)","Pelagic",34.43747,NA,"Coastal - East Australian Coastal Province","AUSE","East Australian coast","Pacific","Coastal","SPO",126,50043,0,0,0,0,0,0,0,"NO_SUNLIGHT"
"2124","SRR5915318","SRR5915318","PRJNA385736",0.22,NA,"08/09/2016",2016,9,8,-36.87932,152.57307,"-30_-60","4800","BATHY",NA,"marine layer (ENVO_01000295)","Pelagic",34.716561,NA,"Westerlies - Tasman Sea Province","TASM","Tasman Sea","Pacific","Westerly","SPO",1009,42330,0,0,0,0,0,0,0,"NO_SUNLIGHT"
"2125","SRR6400816","SRR6400816","PRJNA385736",0.22,NA,"42528",2016,6,7,-27.26607,-169.99745,"0_-30","5546.3","BATHY",NA,"marine layer (ENVO_01000295)","Pelagic",34.709,NA,"Westerlies - S. Pacific Subtropical Gyre Province","SPSG","South Pacific gyre","Pacific","Trade wind","SPO",281,68330,0,0,0,0,0,0,0,"NO_SUNLIGHT"
"2126","SRR6400819","SRR6400819","PRJNA385736",0.22,NA,"02/06/2016",2016,6,2,-35.68073,-170.00705,"-30_-60","4400.1","BATHY",NA,"marine layer (ENVO_01000295)","Pelagic",34.712,NA,"Westerlies - S. Pacific Subtropical Gyre Province","SPSG","South Pacific gyre","Pacific","Trade wind","SPO",204,26131,0,0,0,0,0,0,0,"NO_SUNLIGHT"
"2127","SRR6400834","SRR6400834","PRJNA385736",0.22,NA,"02/06/2016",2016,6,2,-35.33387,-170.00248,"-30_-60","1035.8","BATHY",NA,"marine layer (ENVO_01000295)","Pelagic",34.326,NA,"Westerlies - S. Pacific Subtropical Gyre Province","SPSG","South Pacific gyre","Pacific","Trade wind","SPO",87,23536,0,0,0,0,0,0,0,"NO_SUNLIGHT"
"2128","SRR6400859","SRR6400859","PRJNA385736",0.22,NA,"14/06/2016",2016,6,14,-16.50275,-170.00038,"0_-30","2000.5","BATHY",NA,"marine layer (ENVO_01000295)","Pelagic",34.631,NA,"Westerlies - S. Pacific Subtropical Gyre Province","SPSG","South Pacific gyre","Pacific","Trade wind","SPO",187,30097,0,0,0,0,0,0,0,"NO_SUNLIGHT"
"2129","SRR6400860","SRR6400860","PRJNA385736",0.22,NA,"14/06/2016",2016,6,14,-16.50275,-170.00038,"0_-30","1000.7","BATHY",NA,"marine layer (ENVO_01000295)","Pelagic",34.492,NA,"Westerlies - S. Pacific Subtropical Gyre Province","SPSG","South Pacific gyre","Pacific","Trade wind","SPO",150,28800,0,0,0,0,0,0,0,"NO_SUNLIGHT"
"2130","SRR6400876","SRR6400876","PRJNA385736",0.22,NA,"04/06/2016",2016,6,4,-32.00123,-169.9937,"-30_-60","2064.8","BATHY",NA,"marine layer (ENVO_01000295)","Pelagic",34.627,NA,"Westerlies - S. Pacific Subtropical Gyre Province","SPSG","South Pacific gyre","Pacific","Trade wind","SPO",378,61507,0,0,0,0,0,0,0,"NO_SUNLIGHT"
"2131","SRR6400904","SRR6400904","PRJNA385736",0.22,NA,"20/05/2016",2016,5,20,-47.112133,-170.468833,"-30_-60","2085.7","BATHY",NA,"marine layer (ENVO_01000295)","Pelagic",34.547,NA,"Westerlies - Subantarctic Province","SANT","Subantarctic water ring","Antarctic","Westerly","SO",112,125638,0,0,0,0,0,0,0,"NO_SUNLIGHT"
"2132","SRR6400933","SRR6400933","PRJNA385736",0.22,NA,"22/05/2016",2016,5,22,-44.328417,-173.74595,"-30_-60","3128.2","BATHY",NA,"marine layer (ENVO_01000295)","Pelagic",34.729,NA,"Coastal - New Zealand Coastal Province","NEWZ","New Zealand coast","Pacific","Coastal","SPO",163,29315,0,0,0,0,0,0,0,"NO_SUNLIGHT"
"2133","SRR6400935","SRR6400935","PRJNA385736",0.22,NA,"22/05/2016",2016,5,22,-44.1559,-173.9375,"-30_-60","1904.5","BATHY",NA,"marine layer (ENVO_01000295)","Pelagic",34.655,NA,"Coastal - New Zealand Coastal Province","NEWZ","New Zealand coast","Pacific","Coastal","SPO",174,38685,0,0,0,0,0,0,0,"NO_SUNLIGHT"
"2134","SRR6400948","SRR6400948","PRJNA385736",0.22,NA,"29/05/2016",2016,5,29,-42.169,-174.25463,"-30_-60","2889.2","BATHY",NA,"marine layer (ENVO_01000295)","Pelagic",34.727,NA,"Coastal - New Zealand Coastal Province","NEWZ","New Zealand coast","Pacific","Coastal","SPO",416,244872,0,0,0,0,0,0,0,"NO_SUNLIGHT"
"2135","SRR6400971","SRR6400971","PRJNA385736",0.22,NA,"01/06/2016",2016,6,1,-36.45077,-170.2935,"-30_-60","1034.9","BATHY",NA,"marine layer (ENVO_01000295)","Pelagic",34.354,NA,"Westerlies - S. Pacific Subtropical Gyre Province","SPSG","South Pacific gyre","Pacific","Trade wind","SPO",132,11955,0,0,0,0,0,0,0,"NO_SUNLIGHT"
"2136","SRR6400982","SRR6400982","PRJNA385736",0.22,NA,"19/05/2016",2016,5,19,-47.499267,-169.989033,"-30_-60","5471.2","BATHY",NA,"marine layer (ENVO_01000295)","Pelagic",34.704,NA,"Westerlies - Subantarctic Province","SANT","Subantarctic water ring","Antarctic","Westerly","SO",668,88661,0,0,0,0,0,0,0,"NO_SUNLIGHT"
"2137","SRR6400984","SRR6400984","PRJNA385736",0.22,NA,"19/05/2016",2016,5,19,-47.499267,-169.989033,"-30_-60","1000.7","BATHY",NA,"marine layer (ENVO_01000295)","Pelagic",34.342,NA,"Westerlies - Subantarctic Province","SANT","Subantarctic water ring","Antarctic","Westerly","SO",349,154398,0,0,0,0,0,0,0,"NO_SUNLIGHT"
"2138","SRR6401000","SRR6401000","PRJNA385736",0.22,NA,"08/06/2016",2016,6,8,-26.48152,-169.99633,"0_-30","5724.2","BATHY",NA,"marine layer (ENVO_01000295)","Pelagic",34.709,NA,"Westerlies - S. Pacific Subtropical Gyre Province","SPSG","South Pacific gyre","Pacific","Trade wind","SPO",94,15723,0,0,0,0,0,0,0,"NO_SUNLIGHT"
"2139","SRR6401003","SRR6401003","PRJNA385736",0.22,NA,"17/05/2016",2016,5,17,-51.002167,-170.01015,"-30_-60","1932.4","BATHY",NA,"marine layer (ENVO_01000295)","Pelagic",34.663,NA,"Westerlies - Subantarctic Province","SANT","Subantarctic water ring","Antarctic","Westerly","SO",86,80901,0,0,0,0,0,0,0,"NO_SUNLIGHT"
"2140","SRR6401017","SRR6401017","PRJNA385736",0.22,NA,"14/06/2016",2016,6,14,-17.9986,-170.00035,"0_-30","4991.5","BATHY",NA,"marine layer (ENVO_01000295)","Pelagic",34.71,NA,"Westerlies - S. Pacific Subtropical Gyre Province","SPSG","South Pacific gyre","Pacific","Trade wind","SPO",608,269706,0,0,0,0,0,0,0,"NO_SUNLIGHT"
"2141","SRR6401030","SRR6401030","PRJNA385736",0.22,NA,"06/06/2016",2016,6,6,-28.99925,-169.98403,"0_-30","2065.5","BATHY",NA,"marine layer (ENVO_01000295)","Pelagic",34.626,NA,"Westerlies - S. Pacific Subtropical Gyre Province","SPSG","South Pacific gyre","Pacific","Trade wind","SPO",223,47422,0,0,0,0,0,0,0,"NO_SUNLIGHT"
"2142","SRR6401039","SRR6401039","PRJNA385736",0.22,NA,"05/06/2016",2016,6,5,-29.499,-169.99568,"0_-30","1035.6","BATHY",NA,"marine layer (ENVO_01000295)","Pelagic",34.337,NA,"Westerlies - S. Pacific Subtropical Gyre Province","SPSG","South Pacific gyre","Pacific","Trade wind","SPO",227,46281,0,0,0,0,0,0,0,"NO_SUNLIGHT"
"2143","SRR6401043","SRR6401043","PRJNA385736",0.22,NA,"11/06/2016",2016,6,11,-22.49923,-170.00003,"0_-30","1901.4","BATHY",NA,"marine layer (ENVO_01000295)","Pelagic",34.619,NA,"Westerlies - S. Pacific Subtropical Gyre Province","SPSG","South Pacific gyre","Pacific","Trade wind","SPO",214,53755,0,0,0,0,0,0,0,"NO_SUNLIGHT"
"2144","SRR6401060","SRR6401060","PRJNA385736",0.22,NA,"20/05/2016",2016,5,20,-46.7187,-170.911483,"-30_-60","5386.3","BATHY",NA,"marine layer (ENVO_01000295)","Pelagic",34.704,NA,"Westerlies - Subantarctic Province","SANT","Subantarctic water ring","Antarctic","Westerly","SO",254,80543,0,0,0,0,0,0,0,"NO_SUNLIGHT"
"2145","SRR6401066","SRR6401066","PRJNA385736",0.22,NA,"22/05/2016",2016,5,22,-44.1559,-173.9375,"-30_-60","1063.4","BATHY",NA,"marine layer (ENVO_01000295)","Pelagic",34.377,NA,"Coastal - New Zealand Coastal Province","NEWZ","New Zealand coast","Pacific","Coastal","SPO",301,85194,0,0,0,0,0,0,0,"NO_SUNLIGHT"
"2146","SRR6401067","SRR6401067","PRJNA385736",0.22,NA,"22/05/2016",2016,5,22,-44.1559,-173.9375,"-30_-60","1467.9","BATHY",NA,"marine layer (ENVO_01000295)","Pelagic",34.491,NA,"Coastal - New Zealand Coastal Province","NEWZ","New Zealand coast","Pacific","Coastal","SPO",169,93297,0,0,0,0,0,0,0,"NO_SUNLIGHT"
"2147","SRR6401078","SRR6401078","PRJNA385736",0.22,NA,"13/06/2016",2016,6,13,-18.50122,-170.00235,"0_-30","5345.5","BATHY",NA,"marine layer (ENVO_01000295)","Pelagic",34.709,NA,"Westerlies - S. Pacific Subtropical Gyre Province","SPSG","South Pacific gyre","Pacific","Trade wind","SPO",367,140397,0,0,0,0,0,0,0,"NO_SUNLIGHT"
"2148","SRR6401098","SRR6401098","PRJNA385736",0.22,NA,"30/05/2016",2016,5,30,-39.96945,-172.70148,"-30_-60","4759.7","BATHY",NA,"marine layer (ENVO_01000295)","Pelagic",34.706,NA,"Westerlies - S. Subtropical Convergence Province","SSTC","South subtropical convergence","Antarctic","Westerly","SO",566,137332,0,0,0,0,0,0,0,"NO_SUNLIGHT"
"2149","SRR6401115","SRR6401115","PRJNA385736",0.22,NA,"09/06/2016",2016,6,9,-24.99308,-170.00397,"0_-30","1035.4","BATHY",NA,"marine layer (ENVO_01000295)","Pelagic",34.344,NA,"Westerlies - S. Pacific Subtropical Gyre Province","SPSG","South Pacific gyre","Pacific","Trade wind","SPO",175,29714,0,0,0,0,0,0,0,"NO_SUNLIGHT"
"2150","SRR6401117","SRR6401117","PRJNA385736",0.22,NA,"09/06/2016",2016,6,9,-24.99308,-170.00397,"0_-30","5738.7","BATHY",NA,"marine layer (ENVO_01000295)","Pelagic",34.709,NA,"Westerlies - S. Pacific Subtropical Gyre Province","SPSG","South Pacific gyre","Pacific","Trade wind","SPO",224,42026,0,0,0,0,0,0,0,"NO_SUNLIGHT"
"2151","SRR6401150","SRR6401150","PRJNA385736",0.22,NA,"16/06/2016",2016,6,16,-13.8176,-169.999,"0_-30","4382.4","BATHY",NA,"marine layer (ENVO_01000295)","Pelagic",34.712,NA,"Westerlies - S. Pacific Subtropical Gyre Province","SPSG","South Pacific gyre","Pacific","Trade wind","SPO",258,39371,0,0,0,0,0,0,0,"NO_SUNLIGHT"
"2152","SRR6401160","SRR6401160","PRJNA385736",0.22,NA,"29/05/2016",2016,5,29,-40.83538,-173.32958,"-30_-60","1001.1","BATHY",NA,"marine layer (ENVO_01000295)","Pelagic",34.376,NA,"Westerlies - S. Subtropical Convergence Province","SSTC","South subtropical convergence","Antarctic","Westerly","SO",125,13696,0,0,0,0,0,0,0,"NO_SUNLIGHT"
"2153","SRR6401161","SRR6401161","PRJNA385736",0.22,NA,"29/05/2016",2016,5,29,-40.83538,-173.32958,"-30_-60","1998","BATHY",NA,"marine layer (ENVO_01000295)","Pelagic",34.62,NA,"Westerlies - S. Subtropical Convergence Province","SSTC","South subtropical convergence","Antarctic","Westerly","SO",387,255613,0,0,0,0,0,0,0,"NO_SUNLIGHT"
"2154","SRR6401162","SRR6401162","PRJNA385736",0.22,NA,"29/05/2016",2016,5,29,-40.83538,-173.32958,"-30_-60","4233.8","BATHY",NA,"marine layer (ENVO_01000295)","Pelagic",34.708,NA,"Westerlies - S. Subtropical Convergence Province","SSTC","South subtropical convergence","Antarctic","Westerly","SO",86,19196,0,0,0,0,0,0,0,"NO_SUNLIGHT"
"2155","SRR6401164","SRR6401164","PRJNA385736",0.22,NA,"29/05/2016",2016,5,29,-40.39737,-173.02195,"-30_-60","1035.9","BATHY",NA,"marine layer (ENVO_01000295)","Pelagic",34.374,NA,"Westerlies - S. Subtropical Convergence Province","SSTC","South subtropical convergence","Antarctic","Westerly","SO",128,22658,0,0,0,0,0,0,0,"NO_SUNLIGHT"
"2156","SRR6401175","SRR6401175","PRJNA385736",0.22,NA,"11/06/2016",2016,6,11,-22.00178,-169.99993,"0_-30","2235","BATHY",NA,"marine layer (ENVO_01000295)","Pelagic",34.641,NA,"Westerlies - S. Pacific Subtropical Gyre Province","SPSG","South Pacific gyre","Pacific","Trade wind","SPO",389,92989,0,0,0,0,0,0,0,"NO_SUNLIGHT"
"2157","SRR6401189","SRR6401189","PRJNA385736",0.22,NA,"02/06/2016",2016,6,2,-34.50183,-170.00213,"-30_-60","5589.4","BATHY",NA,"marine layer (ENVO_01000295)","Pelagic",34.708,NA,"Westerlies - S. Pacific Subtropical Gyre Province","SPSG","South Pacific gyre","Pacific","Trade wind","SPO",186,30686,0,0,0,0,0,0,0,"NO_SUNLIGHT"
"2158","SRR6401190","SRR6401190","PRJNA385736",0.22,NA,"02/06/2016",2016,6,2,-34.50183,-170.00213,"-30_-60","2001.6","BATHY",NA,"marine layer (ENVO_01000295)","Pelagic",34.616,NA,"Westerlies - S. Pacific Subtropical Gyre Province","SPSG","South Pacific gyre","Pacific","Trade wind","SPO",147,26927,0,0,0,0,0,0,0,"NO_SUNLIGHT"
"2159","SRR6401219","SRR6401219","PRJNA385736",0.22,NA,"31/05/2016",2016,5,31,-38.6344,-171.80615,"-30_-60","1935.5","BATHY",NA,"marine layer (ENVO_01000295)","Pelagic",34.592,NA,"Westerlies - S. Pacific Subtropical Gyre Province","SPSG","South Pacific gyre","Pacific","Trade wind","SPO",109,26499,0,0,0,0,0,0,0,"NO_SUNLIGHT"
"2160","SRR6401228","SRR6401228","PRJNA385736",0.22,NA,"30/05/2016",2016,5,30,-39.07282,-172.11525,"-30_-60","1034.2","BATHY",NA,"marine layer (ENVO_01000295)","Pelagic",34.366,NA,"Westerlies - S. Pacific Subtropical Gyre Province","SPSG","South Pacific gyre","Pacific","Trade wind","SPO",115,17782,0,0,0,0,0,0,0,"NO_SUNLIGHT"
"2161","SRR6401250","SRR6401250","PRJNA385736",0.22,NA,"22/05/2016",2016,5,22,-45.176767,-172.73455,"-30_-60","4737.7","BATHY",NA,"marine layer (ENVO_01000295)","Pelagic",34.705,NA,"Westerlies - Subantarctic Province","SANT","Subantarctic water ring","Antarctic","Westerly","SO",189,34268,0,0,0,0,0,0,0,"NO_SUNLIGHT"
"2162","SRR6401266","SRR6401266","PRJNA385736",0.22,NA,"18/05/2016",2016,5,18,-49.4991,-170.0165,"-30_-60","1964.7","BATHY",NA,"marine layer (ENVO_01000295)","Pelagic",34.629,NA,"Westerlies - Subantarctic Province","SANT","Subantarctic water ring","Antarctic","Westerly","SO",270,62542,0,0,0,0,0,0,0,"NO_SUNLIGHT"
"2163","SRR6401271","SRR6401271","PRJNA385736",0.22,NA,"19/05/2016",2016,5,19,-48.9954,-170.0036,"-30_-60","1000","BATHY",NA,"marine layer (ENVO_01000295)","Pelagic",34.331,NA,"Westerlies - Subantarctic Province","SANT","Subantarctic water ring","Antarctic","Westerly","SO",310,144532,0,0,0,0,0,0,0,"NO_SUNLIGHT"
"2164","SRR6401272","SRR6401272","PRJNA385736",0.22,NA,"19/05/2016",2016,5,19,-48.9954,-170.0036,"-30_-60","1999.2","BATHY",NA,"marine layer (ENVO_01000295)","Pelagic",34.622,NA,"Westerlies - Subantarctic Province","SANT","Subantarctic water ring","Antarctic","Westerly","SO",144,10584,0,0,0,0,0,0,0,"NO_SUNLIGHT"
"2165","SRR6401445","SRR6401445","PRJNA385736",0.22,NA,"08/05/2016",2016,5,8,-61.4919,-169.997583,"-60_-90","3500.2","BATHY",NA,"marine layer (ENVO_01000295)","Pelagic",34.706,NA,"Polar - Antarctic Province","ANTA","Antarctic","Antarctic","Polar","SO",290,43327,0,0,0,0,0,0,0,"NO_SUNLIGHT"
"2166","SRR6401467","SRR6401467","PRJNA385736",0.22,NA,"13/05/2016",2016,5,13,-57.502917,-170.006333,"-60_-90","5029.4","BATHY",NA,"marine layer (ENVO_01000295)","Pelagic",34.703,NA,"Polar - Antarctic Province","ANTA","Antarctic","Antarctic","Polar","SO",525,141833,0,0,0,0,0,0,0,"NO_SUNLIGHT"
"2167","SRR6401481","SRR6401481","PRJNA385736",0.22,NA,"42495",2016,5,5,-64.50175,-170.003333,"-60_-90","2356.3","BATHY",NA,"marine layer (ENVO_01000295)","Pelagic",34.707,NA,"Polar - Antarctic Province","ANTA","Antarctic","Antarctic","Polar","SO",203,17070,0,0,0,0,0,0,0,"NO_SUNLIGHT"
"2168","SRR6401533","SRR6401533","PRJNA385736",0.22,NA,"06/05/2016",2016,5,6,-63.990333,-170.04835,"-60_-90","1001.8","BATHY",NA,"marine layer (ENVO_01000295)","Pelagic",34.738,NA,"Polar - Antarctic Province","ANTA","Antarctic","Antarctic","Polar","SO",119,85435,0,0,0,0,0,0,0,"NO_SUNLIGHT"
"2169","SRR6471349","SRR6471349","PRJNA385736",0.22,NA,"08/02/2016",2016,2,8,-57.931667,83.359333,"-60_-90","3215","BATHY",NA,"marine layer (ENVO_01000295)","Pelagic",NA,NA,"Polar - Antarctic Province","ANTA","Antarctic","Antarctic","Polar","SO",95,16001,0,0,0,0,0,0,0,"NO_SUNLIGHT"
"2170","SRR6471460","SRR6471460","PRJNA385736",0.22,NA,"18/06/2016",2016,6,18,-10.9976,-169.9994,"0_-30","1035.9","BATHY",NA,"marine layer (ENVO_01000295)","Pelagic",34.528,NA,"Westerlies - S. Pacific Subtropical Gyre Province","SPSG","South Pacific gyre","Pacific","Trade wind","SPO",256,44817,0,0,0,0,0,0,0,"NO_SUNLIGHT"
"2171","SRR6471461","SRR6471461","PRJNA385736",0.22,NA,"22/06/2016",2016,6,22,-3.50138,-168.75058,"0_-30","5087.3","BATHY",NA,"marine layer (ENVO_01000295)","Pelagic",34.706,NA,"Trades - Pacific Equatorial Divergence Province","PEQD","Pacific equatorial divergence","Pacific","Trade wind","SPO",518,149935,0,0,0,0,0,0,0,"NO_SUNLIGHT"
"2172","SRR6471570","SRR6471570","PRJNA385736",0.22,NA,"19/06/2016",2016,6,19,-8.4942,-168.75123,"0_-30","5252","BATHY",NA,"marine layer (ENVO_01000295)","Pelagic",34.71,NA,"Westerlies - S. Pacific Subtropical Gyre Province","SPSG","South Pacific gyre","Pacific","Trade wind","SPO",359,26018,0,0,0,0,0,0,0,"NO_SUNLIGHT"
"2173","SRR7033342","SRR7033342","PRJNA385736",0.22,NA,NA,NA,NA,NA,-3.9948,-168.75178,"0_-30","5323.4","BATHY",NA,"marine layer (ENVO_01000295)","Pelagic",34.707,NA,"Trades - Pacific Equatorial Divergence Province","PEQD","Pacific equatorial divergence","Pacific","Trade wind","SPO",595,167235,0,0,0,0,0,0,0,"NO_SUNLIGHT"
"2174","SRR7033364","SRR7033364","PRJNA385736",0.22,NA,NA,NA,NA,NA,-12.9974,-169.99823,"0_-30","5045.1","BATHY",NA,"marine layer (ENVO_01000295)","Pelagic",34.71,NA,"Westerlies - S. Pacific Subtropical Gyre Province","SPSG","South Pacific gyre","Pacific","Trade wind","SPO",664,98502,0,0,0,0,0,0,0,"NO_SUNLIGHT"
"2175","SRR7033397","SRR7033397","PRJNA385736",0.22,NA,NA,NA,NA,NA,-9.92345,-169.63012,"0_-30","5295.6","BATHY",NA,"marine layer (ENVO_01000295)","Pelagic",34.709,NA,"Westerlies - S. Pacific Subtropical Gyre Province","SPSG","South Pacific gyre","Pacific","Trade wind","SPO",352,29306,0,0,0,0,0,0,0,"NO_SUNLIGHT"
"2176","SRR7033607","SRR7033607","PRJNA385736",0.22,NA,NA,NA,NA,NA,-6.50037,-168.7491,"0_-30","5642.9","BATHY",NA,"marine layer (ENVO_01000295)","Pelagic",34.707,NA,"Trades - Pacific Equatorial Divergence Province","PEQD","Pacific equatorial divergence","Pacific","Trade wind","SPO",192,62905,0,0,0,0,0,0,0,"NO_SUNLIGHT"
"2177","SRR7033735","SRR7033735","PRJNA385736",0.22,NA,NA,NA,NA,NA,-7.00215,-168.75268,"0_-30","5758.1","BATHY",NA,"marine layer (ENVO_01000295)","Pelagic",34.707,NA,"Trades - Pacific Equatorial Divergence Province","PEQD","Pacific equatorial divergence","Pacific","Trade wind","SPO",799,103540,0,0,0,0,0,0,0,"NO_SUNLIGHT"
"2178","SRR7035945","SRR7035945","PRJNA385736",0.22,NA,"16/05/2016",2016,5,16,-53.5009,-169.9911,"-30_-60","5323.9","BATHY",NA,"marine layer (ENVO_01000295)","Pelagic_Public",34.702,NA,"Westerlies - Subantarctic Province","SANT","Subantarctic water ring","Antarctic","Westerly","SO",175,23897,0,0,0,0,0,0,0,"NO_SUNLIGHT"
"2179","SRR7035987","SRR7035987","PRJNA385736",0.22,NA,"04/05/2016",2016,5,4,-66.331733,-170.010233,"-60_-90","3329","BATHY",NA,"marine layer (ENVO_01000295)","Pelagic_Public",34.692,NA,"Polar - Antarctic Province","ANTA","Antarctic","Antarctic","Polar","SO",248,42261,0,0,0,0,0,0,0,"NO_SUNLIGHT"
"2180","SRR7036135","SRR7036135","PRJNA385736",0.22,NA,"12/05/2016",2016,5,12,-58.9924,-169.99825,"-60_-90","4730","BATHY",NA,"marine layer (ENVO_01000295)","Pelagic_Public",34.704,NA,"Polar - Antarctic Province","ANTA","Antarctic","Antarctic","Polar","SO",264,28569,0,0,0,0,0,0,0,"NO_SUNLIGHT"
"2181","SRR7036138","SRR7036138","PRJNA385736",0.22,NA,"12/05/2016",2016,5,12,-58.9924,-169.99825,"-60_-90","2100","BATHY",NA,"marine layer (ENVO_01000295)","Pelagic_Public",34.737,NA,"Polar - Antarctic Province","ANTA","Antarctic","Antarctic","Polar","SO",274,61079,0,0,0,0,0,0,0,"NO_SUNLIGHT"
"2182","SRR7036204","SRR7036204","PRJNA385736",0.22,NA,"19/05/2016",2016,5,19,-48.502467,-170.000417,"-30_-60","5390","BATHY",NA,"marine layer (ENVO_01000295)","Pelagic_Public",34.704,NA,"Westerlies - Subantarctic Province","SANT","Subantarctic water ring","Antarctic","Westerly","SO",230,26183,0,0,0,0,0,0,0,"NO_SUNLIGHT"
"2183","ERR10234688","BZM_AAZDOSTA_2_1_HYFJJBCXY.12BA194","Tara_Oceans",5,"20","28/07/2011",2011,7,28,-8.9543,-139.26,"0_-30","115","EPI",NA,NA,NA,35.823513,NA,"Westerlies - S. Pacific Subtropical Gyre Province","SPSG","South Pacific gyre","Pacific","Trade wind","SPO",3085,530127,0,0,0,0,0,0,0,"SUNLIGHT"
"2184","ERR10234893","BZM_ABJSOSTA_1_1_H32WHBCX2.12BA038","Tara_Oceans",5,"20","16/10/2010",2010,10,16,-21.092,-35.417,"0_-30","150","EPI",NA,NA,NA,36.760054,NA,"Trades - South Atlantic Gyral Province (SATG)","SATL","South Atlantic gyral","Atlantic","Trade wind","SAO",3019,535672,0,0,0,0,0,0,0,"SUNLIGHT"
"2185","SRR5313372","SRR5313372","PRJNA377956",NA,NA,"13/11/2013",2013,11,13,-27.421,-44.716,"0_-30","140","EPI",NA,"marine photic zone (ENVO_00000209)","Picophytoplankton",NA,NA,"Trades - South Atlantic Gyral Province (SATG)","SATL","South Atlantic gyral","Atlantic","Trade wind","SAO",64,65093,0,0,0,0,0,0,0,"SUNLIGHT"
"2186","SRR5313380","SRR5313380","PRJNA377956",NA,NA,"31/10/2013",2013,10,31,-23.585,-41.78,"0_-30","45","EPI",NA,"marine photic zone (ENVO_00000209)","Picophytoplankton",NA,NA,"Coastal - Brazil Current Coastal Province","BRAZ","Brazilian current coast","Atlantic","Coastal","SAO",77,141079,0,0,0,0,0,0,0,"SUNLIGHT"
"2187","SRR5313384","SRR5313384","PRJNA377956",NA,NA,"19/11/2013",2013,11,19,-28.646,-44.995,"0_-30","80","EPI",NA,"marine photic zone (ENVO_00000209)","Picophytoplankton",NA,NA,"Trades - South Atlantic Gyral Province (SATG)","SATL","South Atlantic gyral","Atlantic","Trade wind","SAO",52,64756,0,0,0,0,0,0,0,"SUNLIGHT"
"2188","SRR5313387","SRR5313387","PRJNA377956",NA,NA,"19/11/2013",2013,11,19,-28.646,-44.995,"0_-30","60","EPI",NA,"marine photic zone (ENVO_00000209)","Nanophytoplankton",NA,NA,"Trades - South Atlantic Gyral Province (SATG)","SATL","South Atlantic gyral","Atlantic","Trade wind","SAO",73,77230,0,0,0,0,0,0,0,"SUNLIGHT"
"2189","SRR5313391","SRR5313391","PRJNA377956",NA,NA,"13/11/2013",2013,11,13,-26.222,-45.483,"0_-30","105","EPI",NA,"marine photic zone (ENVO_00000209)","Nanophytoplankton",NA,NA,"Coastal - Brazil Current Coastal Province","BRAZ","Brazilian current coast","Atlantic","Coastal","SAO",84,34028,0,0,0,0,0,0,0,"SUNLIGHT"
"2190","SRR5313392","SRR5313392","PRJNA377956",NA,NA,"19/11/2013",2013,11,19,-28.117,-46.175,"0_-30","100","EPI",NA,"marine photic zone (ENVO_00000209)","Picophytoplankton",NA,NA,"Coastal - Brazil Current Coastal Province","BRAZ","Brazilian current coast","Atlantic","Coastal","SAO",70,73222,0,0,0,0,0,0,0,"SUNLIGHT"
"2191","SRR5313394","SRR5313394","PRJNA377956",NA,NA,"19/11/2013",2013,11,19,-28.117,-46.175,"0_-30","60","EPI",NA,"marine photic zone (ENVO_00000209)","Picophytoplankton",NA,NA,"Coastal - Brazil Current Coastal Province","BRAZ","Brazilian current coast","Atlantic","Coastal","SAO",68,60570,0,0,0,0,0,0,0,"SUNLIGHT"
"2192","SRR5313398","SRR5313398","PRJNA377956",NA,NA,"18/11/2013",2013,11,18,-27.785,-46.962,"0_-30","110","EPI",NA,"marine photic zone (ENVO_00000209)","Picophytoplankton",NA,NA,"Coastal - Brazil Current Coastal Province","BRAZ","Brazilian current coast","Atlantic","Coastal","SAO",88,125305,0,0,0,0,0,0,0,"SUNLIGHT"
"2193","SRR5313401","SRR5313401","PRJNA377956",NA,NA,"18/11/2013",2013,11,18,-27.785,-46.962,"0_-30","60","EPI",NA,"marine photic zone (ENVO_00000209)","Nanophytoplankton",NA,NA,"Coastal - Brazil Current Coastal Province","BRAZ","Brazilian current coast","Atlantic","Coastal","SAO",61,41224,0,0,0,0,0,0,0,"SUNLIGHT"
"2194","SRR5313404","SRR5313404","PRJNA377956",NA,NA,"13/11/2013",2013,11,13,-26.334,-45.413,"0_-30","105","EPI",NA,"marine photic zone (ENVO_00000209)","Picophytoplankton",NA,NA,"Coastal - Brazil Current Coastal Province","BRAZ","Brazilian current coast","Atlantic","Coastal","SAO",94,90669,0,0,0,0,0,0,0,"SUNLIGHT"
"2195","SRR5313406","SRR5313406","PRJNA377956",NA,NA,"18/11/2013",2013,11,18,-27.586,-47.387,"0_-30","85","EPI",NA,"marine photic zone (ENVO_00000209)","Nanophytoplankton",NA,NA,"Coastal - Brazil Current Coastal Province","BRAZ","Brazilian current coast","Atlantic","Coastal","SAO",56,80306,0,0,0,0,0,0,0,"SUNLIGHT"
"2196","SRR5313408","SRR5313408","PRJNA377956",NA,NA,"18/11/2013",2013,11,18,-27.586,-47.387,"0_-30","50","EPI",NA,"marine photic zone (ENVO_00000209)","Nanophytoplankton",NA,NA,"Coastal - Brazil Current Coastal Province","BRAZ","Brazilian current coast","Atlantic","Coastal","SAO",103,89456,0,0,0,0,0,0,0,"SUNLIGHT"
"2197","SRR5313412","SRR5313412","PRJNA377956",NA,NA,"18/11/2013",2013,11,18,-27.394,-47.816,"0_-30","50","EPI",NA,"marine photic zone (ENVO_00000209)","Nanophytoplankton",NA,NA,"Coastal - Brazil Current Coastal Province","BRAZ","Brazilian current coast","Atlantic","Coastal","SAO",87,105306,0,0,0,0,0,0,0,"SUNLIGHT"
"2198","SRR5313413","SRR5313413","PRJNA377956",NA,NA,"18/11/2013",2013,11,18,-27.394,-47.816,"0_-30","30","EPI",NA,"marine photic zone (ENVO_00000209)","Picophytoplankton",NA,NA,"Coastal - Brazil Current Coastal Province","BRAZ","Brazilian current coast","Atlantic","Coastal","SAO",84,99115,0,0,0,0,0,0,0,"SUNLIGHT"
"2199","SRR5313417","SRR5313417","PRJNA377956",NA,NA,"13/11/2013",2013,11,13,-26.8,-45.3,"0_-30","110","EPI",NA,"marine photic zone (ENVO_00000209)","Picophytoplankton",NA,NA,"Trades - South Atlantic Gyral Province (SATG)","SATL","South Atlantic gyral","Atlantic","Trade wind","SAO",76,44818,0,0,0,0,0,0,0,"SUNLIGHT"
"2200","SRR5902499","SRR5902499","PRJNA385736",0.22,NA,"20/09/2016",2016,9,20,-28.01252,154.35222,"0_-30","120","EPI",NA,"marine layer (ENVO_01000295)","Pelagic",35.702677,NA,"Coastal - East Australian Coastal Province","AUSE","East Australian coast","Pacific","Coastal","SPO",388,40056,0,0,0,0,0,0,0,"SUNLIGHT"
"2201","SRR5902523","SRR5902523","PRJNA385736",0.22,NA,"20/09/2016",2016,9,20,-28.0136,154.3526,"0_-30","65","EPI",NA,"marine layer (ENVO_01000295)","Pelagic",35.676011,NA,"Coastal - East Australian Coastal Province","AUSE","East Australian coast","Pacific","Coastal","SPO",248,29592,0,0,0,0,0,0,0,"SUNLIGHT"
"2202","SRR5915235","SRR5915235","PRJNA385736",0.22,NA,"06/09/2016",2016,9,6,-36.25067,153.26255,"-30_-60","30","EPI",NA,"marine layer (ENVO_01000295)","Pelagic",35.652446,NA,"Westerlies - Tasman Sea Province","TASM","Tasman Sea","Pacific","Westerly","SPO",1074,84161,0,0,0,0,0,0,0,"SUNLIGHT"
"2203","SRR5915239","SRR5915239","PRJNA385736",0.22,NA,"13/09/2016",2016,9,13,-30.63295,153.62383,"-30_-60","30","EPI",NA,"marine layer (ENVO_01000295)","Pelagic",35.647823,NA,"Coastal - East Australian Coastal Province","AUSE","East Australian coast","Pacific","Coastal","SPO",1127,43214,0,0,0,0,0,0,0,"SUNLIGHT"
"2204","SRR5915242","SRR5915242","PRJNA385736",0.22,NA,"13/09/2016",2016,9,13,-30.63155,153.6248,"-30_-60","45","EPI",NA,"marine layer (ENVO_01000295)","Pelagic",35.735675,NA,"Coastal - East Australian Coastal Province","AUSE","East Australian coast","Pacific","Coastal","SPO",1343,44205,0,0,0,0,0,0,0,"SUNLIGHT"
"2205","SRR5918532","SRR5918532","PRJNA385736",0.22,NA,"15/11/2014",2014,11,15,-42.291483,148.817083,"-30_-60","80","EPI",NA,"marine layer (ENVO_01000295)","Pelagic",35.457,NA,"Westerlies - Tasman Sea Province","TASM","Tasman Sea","Pacific","Westerly","SPO",1135,41137,0,0,0,0,0,0,0,"SUNLIGHT"
"2206","SRR7033647","SRR7033647","PRJNA385736",0.22,NA,NA,NA,NA,NA,-6.50037,-168.7491,"0_-30","60.1","EPI",NA,"marine layer (ENVO_01000295)","Pelagic",35.382,NA,"Trades - Pacific Equatorial Divergence Province","PEQD","Pacific equatorial divergence","Pacific","Trade wind","SPO",279,74876,0,0,0,0,0,0,0,"SUNLIGHT"
"2207","SRR7036919","SRR7036919","PRJNA385736",0.22,NA,NA,NA,NA,NA,-0.99917,-168.74917,"0_-30","25.5","EPI",NA,"marine layer (ENVO_01000295)","Pelagic",35.287,NA,"Trades - Pacific Equatorial Divergence Province","PEQD","Pacific equatorial divergence","Pacific","Trade wind","SPO",736,143960,0,0,0,0,0,0,0,"SUNLIGHT"
"2208","ERR2112714","ERR2112714","PRJEB84566",0.45,"2.7","18/11/2009",2009,11,18,34.73,13.19,"30_60","262","MESO",NA,NA,"Marine biome/Oligotrophic environment/Sea water",NA,NA,"Westerlies - Mediterranean Sea, Black Sea Province","MEDI","Mediterranean Sea","Atlantic","Westerly","NAO",640,46448,0,0,0,0,0,0,0,"NO_SUNLIGHT"
"2209","ERR2220230","ERR2220230","PRJEB23771",0.22,"3","02/06/2011",2011,6,2,10.7585,-102.4423333,"0_30","600","MESO",NA,"marine pelagic zone (ENVO_00000208)","marine biome/open ocean/water",34.58,NA,"Trades - N. Pacific Equatorial Countercurrent Province","PNEC","North Pacific equatorial counter current","Pacific","Trade wind","NPO",582,53980,0,0,0,0,0,0,0,"NO_SUNLIGHT"
"2210","SRR3735296","SRR3735296","PRJNA326482",0.2,"2.7","15/11/2014",2014,11,15,10.617,-65.167,"0_30","247","MESO",NA,"marine layer (ENVO_01000295)","seawater",36.39,NA,"Coastal - Guianas Coastal Province","GUIA","Guianas coast","Atlantic","Coastal","NAO",623,183138,0,0,0,0,0,0,0,"NO_SUNLIGHT"
"2211","SRR3735300","SRR3735300","PRJNA326482",0.2,"2.7","15/11/2014",2014,11,15,10.617,-65.167,"0_30","900","MESO",NA,"marine layer (ENVO_01000295)","seawater",36.26,NA,"Coastal - Guianas Coastal Province","GUIA","Guianas coast","Atlantic","Coastal","NAO",751,375248,0,0,0,0,0,0,0,"NO_SUNLIGHT"
"2212","SRR5902383","SRR5902383","PRJNA385736",0.22,NA,"20/09/2016",2016,9,20,-28.00727,154.35063,"0_-30","750","MESO",NA,"marine layer (ENVO_01000295)","Pelagic",34.497942,NA,"Coastal - East Australian Coastal Province","AUSE","East Australian coast","Pacific","Coastal","SPO",189,15234,0,0,0,0,0,0,0,"NO_SUNLIGHT"
"2213","SRR5902394","SRR5902394","PRJNA385736",0.22,NA,"20/09/2016",2016,9,20,-27.92278,155.145,"0_-30","250","MESO",NA,"marine layer (ENVO_01000295)","Pelagic",35.669985,NA,"Coastal - East Australian Coastal Province","AUSE","East Australian coast","Pacific","Coastal","SPO",459,21462,0,0,0,0,0,0,0,"NO_SUNLIGHT"
"2214","SRR5902500","SRR5902500","PRJNA385736",0.22,NA,"20/09/2016",2016,9,20,-28.0114,154.35202,"0_-30","250","MESO",NA,"marine layer (ENVO_01000295)","Pelagic",35.565597,NA,"Coastal - East Australian Coastal Province","AUSE","East Australian coast","Pacific","Coastal","SPO",288,54181,0,0,0,0,0,0,0,"NO_SUNLIGHT"
"2215","SRR5902506","SRR5902506","PRJNA385736",0.22,NA,"20/09/2016",2016,9,20,-28.00795,154.35082,"0_-30","500","MESO",NA,"marine layer (ENVO_01000295)","Pelagic",34.950088,NA,"Coastal - East Australian Coastal Province","AUSE","East Australian coast","Pacific","Coastal","SPO",328,69694,0,0,0,0,0,0,0,"NO_SUNLIGHT"
"2216","SRR5917611","SRR5917611","PRJNA385736",0.22,NA,"13/09/2016",2016,9,13,-30.81007,153.44847,"-30_-60","210","MESO",NA,"marine layer (ENVO_01000295)","Pelagic",35.241741,NA,"Coastal - East Australian Coastal Province","AUSE","East Australian coast","Pacific","Coastal","SPO",393,45696,0,0,0,0,0,0,0,"NO_SUNLIGHT"
"2217","SRR6400833","SRR6400833","PRJNA385736",0.22,NA,"42523",2016,6,2,-35.33387,-170.00248,"-30_-60","536.1","MESO",NA,"marine layer (ENVO_01000295)","Pelagic",34.426,NA,"Westerlies - S. Pacific Subtropical Gyre Province","SPSG","South Pacific gyre","Pacific","Trade wind","SPO",107,11311,0,0,0,0,0,0,0,"NO_SUNLIGHT"
"2218","SRR6400845","SRR6400845","PRJNA385736",0.22,NA,"15/05/2016",2016,5,15,-54.498483,-170.002917,"-30_-60","535.3","MESO",NA,"marine layer (ENVO_01000295)","Pelagic",34.238,NA,"Westerlies - Subantarctic Province","SANT","Subantarctic water ring","Antarctic","Westerly","SO",217,28517,0,0,0,0,0,0,0,"NO_SUNLIGHT"
"2219","SRR6400878","SRR6400878","PRJNA385736",0.22,NA,"04/06/2016",2016,6,4,-32.00123,-169.9937,"-30_-60","564.3","MESO",NA,"marine layer (ENVO_01000295)","Pelagic",34.469,NA,"Westerlies - S. Pacific Subtropical Gyre Province","SPSG","South Pacific gyre","Pacific","Trade wind","SPO",436,76699,0,0,0,0,0,0,0,"NO_SUNLIGHT"
"2220","SRR6400920","SRR6400920","PRJNA385736",0.22,NA,"18/05/2016",2016,5,18,-50.00695,-169.99245,"-30_-60","536.7","MESO",NA,"marine layer (ENVO_01000295)","Pelagic",34.359,NA,"Westerlies - Subantarctic Province","SANT","Subantarctic water ring","Antarctic","Westerly","SO",141,35643,0,0,0,0,0,0,0,"NO_SUNLIGHT"
"2221","SRR6400928","SRR6400928","PRJNA385736",0.22,NA,"22/05/2016",2016,5,22,-44.328417,-173.74595,"-30_-60","534.7","MESO",NA,"marine layer (ENVO_01000295)","Pelagic",-999,NA,"Coastal - New Zealand Coastal Province","NEWZ","New Zealand coast","Pacific","Coastal","SPO",156,27071,0,0,0,0,0,0,0,"NO_SUNLIGHT"
"2222","SRR6400930","SRR6400930","PRJNA385736",0.22,NA,"22/05/2016",2016,5,22,-44.522333,-173.502283,"-30_-60","500.7","MESO",NA,"marine layer (ENVO_01000295)","Pelagic",34.485,NA,"Coastal - New Zealand Coastal Province","NEWZ","New Zealand coast","Pacific","Coastal","SPO",124,12554,0,0,0,0,0,0,0,"NO_SUNLIGHT"
"2223","SRR6400959","SRR6400959","PRJNA385736",0.22,NA,"08/06/2016",2016,6,8,-26.48152,-169.99633,"0_-30","536.7","MESO",NA,"marine layer (ENVO_01000295)","Pelagic",34.561,NA,"Westerlies - S. Pacific Subtropical Gyre Province","SPSG","South Pacific gyre","Pacific","Trade wind","SPO",90,12140,0,0,0,0,0,0,0,"NO_SUNLIGHT"
"2224","SRR6400965","SRR6400965","PRJNA385736",0.22,NA,"09/06/2016",2016,6,9,-25.98407,-169.99585,"0_-30","566.4","MESO",NA,"marine layer (ENVO_01000295)","Pelagic",34.535,NA,"Westerlies - S. Pacific Subtropical Gyre Province","SPSG","South Pacific gyre","Pacific","Trade wind","SPO",111,11672,0,0,0,0,0,0,0,"NO_SUNLIGHT"
"2225","SRR6401023","SRR6401023","PRJNA385736",0.22,NA,"29/05/2016",2016,5,29,-41.72763,-173.95137,"-30_-60","535.9","MESO",NA,"marine layer (ENVO_01000295)","Pelagic",34.582,NA,"Coastal - New Zealand Coastal Province","NEWZ","New Zealand coast","Pacific","Coastal","SPO",141,16030,0,0,0,0,0,0,0,"NO_SUNLIGHT"
"2226","SRR6401038","SRR6401038","PRJNA385736",0.22,NA,"05/06/2016",2016,6,5,-29.499,-169.99568,"0_-30","536.9","MESO",NA,"marine layer (ENVO_01000295)","Pelagic",34.555,NA,"Westerlies - S. Pacific Subtropical Gyre Province","SPSG","South Pacific gyre","Pacific","Trade wind","SPO",140,22689,0,0,0,0,0,0,0,"NO_SUNLIGHT"
"2227","SRR6401048","SRR6401048","PRJNA385736",0.22,NA,"03/06/2016",2016,6,3,-33.50157,-170.00175,"-30_-60","965.4","MESO",NA,"marine layer (ENVO_01000295)","Pelagic",34.321,NA,"Westerlies - S. Pacific Subtropical Gyre Province","SPSG","South Pacific gyre","Pacific","Trade wind","SPO",219,80033,0,0,0,0,0,0,0,"NO_SUNLIGHT"
"2228","SRR6401065","SRR6401065","PRJNA385736",0.22,NA,"22/05/2016",2016,5,22,-44.1559,-173.9375,"-30_-60","383","MESO",NA,"marine layer (ENVO_01000295)","Pelagic",34.67,NA,"Coastal - New Zealand Coastal Province","NEWZ","New Zealand coast","Pacific","Coastal","SPO",216,53885,0,0,0,0,0,0,0,"NO_SUNLIGHT"
"2229","SRR6401087","SRR6401087","PRJNA385736",0.22,NA,"31/05/2016",2016,5,31,-37.7638,-171.19597,"-30_-60","536.1","MESO",NA,"marine layer (ENVO_01000295)","Pelagic",34.467,NA,"Westerlies - S. Pacific Subtropical Gyre Province","SPSG","South Pacific gyre","Pacific","Trade wind","SPO",98,20341,0,0,0,0,0,0,0,"NO_SUNLIGHT"
"2230","SRR6401097","SRR6401097","PRJNA385736",0.22,NA,"30/05/2016",2016,5,30,-39.96945,-172.70148,"-30_-60","562.9","MESO",NA,"marine layer (ENVO_01000295)","Pelagic",34.487,NA,"Westerlies - S. Subtropical Convergence Province","SSTC","South subtropical convergence","Antarctic","Westerly","SO",302,77877,0,0,0,0,0,0,0,"NO_SUNLIGHT"
"2231","SRR6401139","SRR6401139","PRJNA385736",0.22,NA,"15/06/2016",2016,6,15,-15.0027,-169.99993,"0_-30","501.7","MESO",NA,"marine layer (ENVO_01000295)","Pelagic",34.518,NA,"Westerlies - S. Pacific Subtropical Gyre Province","SPSG","South Pacific gyre","Pacific","Trade wind","SPO",111,10376,0,0,0,0,0,0,0,"NO_SUNLIGHT"
"2232","SRR6401172","SRR6401172","PRJNA385736",0.22,NA,"06/06/2016",2016,6,6,-28.99925,-169.98403,"0_-30","565.6","MESO",NA,"marine layer (ENVO_01000295)","Pelagic",34.597,NA,"Westerlies - S. Pacific Subtropical Gyre Province","SPSG","South Pacific gyre","Pacific","Trade wind","SPO",235,50765,0,0,0,0,0,0,0,"NO_SUNLIGHT"
"2233","SRR6401207","SRR6401207","PRJNA385736",0.22,NA,"13/06/2016",2016,6,13,-19.49528,-170.00262,"0_-30","501.4","MESO",NA,"marine layer (ENVO_01000295)","Pelagic",34.595,NA,"Westerlies - S. Pacific Subtropical Gyre Province","SPSG","South Pacific gyre","Pacific","Trade wind","SPO",167,19569,0,0,0,0,0,0,0,"NO_SUNLIGHT"
"2234","SRR6401274","SRR6401274","PRJNA385736",0.22,NA,"19/05/2016",2016,5,19,-48.9954,-170.0036,"-30_-60","400.8","MESO",NA,"marine layer (ENVO_01000295)","Pelagic",34.393,NA,"Westerlies - Subantarctic Province","SANT","Subantarctic water ring","Antarctic","Westerly","SO",158,21805,0,0,0,0,0,0,0,"NO_SUNLIGHT"
"2235","SRR7033507","SRR7033507","PRJNA385736",0.22,NA,NA,NA,NA,NA,-5.9993,-168.75133,"0_-30","966.8","MESO",NA,"marine layer (ENVO_01000295)","Pelagic",34.544,NA,"Trades - Pacific Equatorial Divergence Province","PEQD","Pacific equatorial divergence","Pacific","Trade wind","SPO",213,16333,0,0,0,0,0,0,0,"NO_SUNLIGHT"
"2236","SRR7033718","SRR7033718","PRJNA385736",0.22,NA,NA,NA,NA,NA,-13.50338,-170.00263,"0_-30","466.2","MESO",NA,"marine layer (ENVO_01000295)","Pelagic",34.569,NA,"Westerlies - S. Pacific Subtropical Gyre Province","SPSG","South Pacific gyre","Pacific","Trade wind","SPO",137,10192,0,0,0,0,0,0,0,"NO_SUNLIGHT"
"2237","ERR2232482","ERR2232482","PRJEB24164",NA,NA,"06/08/2016",2016,8,6,22.13,117.46,"0_30","EPI","EPI",NA,NA,"marine/pelagic/water",33.6395,NA,"Trades - Archipelagic Deep Basins Province","ARCH","Archipelagic deep basins","Pacific","Trade wind","SPO",365,23208,0,0,0,0,0,0,0,"SUNLIGHT"
"2238","ERR2232519","ERR2232519","PRJEB24164",NA,NA,"12/08/2016",2016,8,12,21.67,117.95,"0_30","EPI","EPI",NA,NA,"marine/pelagic/water",33.7497,NA,"Trades - Archipelagic Deep Basins Province","ARCH","Archipelagic deep basins","Pacific","Trade wind","SPO",1195,58665,0,0,0,0,0,0,0,"SUNLIGHT"
"2239","ERR2248486","ERR2248486","PRJEB24428",0.2,"8","22/09/2013",2013,9,22,-8.32,157.22,"0_-30","SURF","SURF",NA,"surface water layer (ENVO_00010504)","ocean/lagoon/planktonic material",30,NA,"Trades - Archipelagic Deep Basins Province","ARCH","Archipelagic deep basins","Pacific","Trade wind","SPO",606,180560,0,0,0,0,0,0,0,"SUNLIGHT"
"2240","ERR2304628","ERR2304628","PRJEB25011",NA,NA,"11/02/2015",2015,2,11,-41.28833333,174.0133333,"-30_-60","EPI","EPI",NA,"marine sub-littoral zone (ENVO_01000126)","marine neritic plankton biome/marine sub-littoral zone/bilge water",NA,NA,"Coordinates may be on land",NA,NA,NA,NA,NA,150,30161,0,0,0,0,0,0,0,"SUNLIGHT"
"2241","ERR2338201","ERR2338201","PRJEB25141",NA,NA,"06/08/2013",2013,8,6,-62,54,"-60_-90","SURF","SURF",NA,NA,"marine/water/Yes",NA,NA,"Polar - Antarctic Province","ANTA","Antarctic","Antarctic","Polar","SO",79,30269,0,0,0,0,0,0,0,"SUNLIGHT"
"2242","ERR2349401","ERR2349401","PRJEB25169",1.6,"20","19/04/2017",2017,4,19,-36.4833517,174.3849305,"-30_-60","EPI","EPI",NA,"marine sub-littoral zone (ENVO_01000126)","marine pelagic biome/marine sublittoral zone/seawater",NA,NA,"Westerlies - Tasman Sea Province","TASM","Tasman Sea","Pacific","Westerly","SPO",68,11182,0,0,0,0,0,0,0,"SUNLIGHT"
"2243","ERR2349404","ERR2349404","PRJEB25169",1.6,"20","19/04/2017",2017,4,19,-36.49236025,174.4148093,"-30_-60","EPI","EPI",NA,"marine sub-littoral zone (ENVO_01000126)","marine pelagic biome/marine sublittoral zone/seawater",NA,NA,"Westerlies - Tasman Sea Province","TASM","Tasman Sea","Pacific","Westerly","SPO",82,45199,0,0,0,0,0,0,0,"SUNLIGHT"
"2244","ERR2349409","ERR2349409","PRJEB25169",1.6,"20","19/04/2017",2017,4,19,-36.4922948,174.4148483,"-30_-60","EPI","EPI",NA,"marine sub-littoral zone (ENVO_01000126)","marine pelagic biome/marine sublittoral zone/seawater",NA,NA,"Westerlies - Tasman Sea Province","TASM","Tasman Sea","Pacific","Westerly","SPO",73,21394,0,0,0,0,0,0,0,"SUNLIGHT"
"2245","ERR2349410","ERR2349410","PRJEB25169",1.6,"20","19/04/2017",2017,4,19,-36.49234225,174.432407,"-30_-60","EPI","EPI",NA,"marine sub-littoral zone (ENVO_01000126)","marine pelagic biome/marine sublittoral zone/seawater",NA,NA,"Westerlies - Tasman Sea Province","TASM","Tasman Sea","Pacific","Westerly","SPO",74,11479,0,0,0,0,0,0,0,"SUNLIGHT"
"2246","ERR2349415","ERR2349415","PRJEB25169",1.6,"20","19/04/2017",2017,4,19,-36.50421212,174.4529621,"-30_-60","EPI","EPI",NA,"marine sub-littoral zone (ENVO_01000126)","marine pelagic biome/marine sublittoral zone/seawater",NA,NA,"Westerlies - Tasman Sea Province","TASM","Tasman Sea","Pacific","Westerly","SPO",46,11365,0,0,0,0,0,0,0,"SUNLIGHT"
"2247","ERR2349416","ERR2349416","PRJEB25169",1.6,"20","19/04/2017",2017,4,19,-36.50346785,174.4528239,"-30_-60","EPI","EPI",NA,"marine sub-littoral zone (ENVO_01000126)","marine pelagic biome/marine sublittoral zone/seawater",NA,NA,"Westerlies - Tasman Sea Province","TASM","Tasman Sea","Pacific","Westerly","SPO",43,14824,0,0,0,0,0,0,0,"SUNLIGHT"
"2248","ERR2349421","ERR2349421","PRJEB25169",1.6,"20","19/04/2017",2017,4,19,-36.50318479,174.4541901,"-30_-60","EPI","EPI",NA,"marine sub-littoral zone (ENVO_01000126)","marine pelagic biome/marine sublittoral zone/seawater",NA,NA,"Westerlies - Tasman Sea Province","TASM","Tasman Sea","Pacific","Westerly","SPO",69,13569,0,0,0,0,0,0,0,"SUNLIGHT"
"2249","ERR2349424","ERR2349424","PRJEB25169",1.6,"20","19/04/2017",2017,4,19,-36.50254652,174.4536869,"-30_-60","EPI","EPI",NA,"marine sub-littoral zone (ENVO_01000126)","marine pelagic biome/marine sublittoral zone/seawater",NA,NA,"Westerlies - Tasman Sea Province","TASM","Tasman Sea","Pacific","Westerly","SPO",65,12122,0,0,0,0,0,0,0,"SUNLIGHT"
"2250","ERR2349430","ERR2349430","PRJEB25169",1.6,"20","19/04/2017",2017,4,19,-36.4911221,174.4552321,"-30_-60","EPI","EPI",NA,"marine sub-littoral zone (ENVO_01000126)","marine pelagic biome/marine sublittoral zone/seawater",NA,NA,"Westerlies - Tasman Sea Province","TASM","Tasman Sea","Pacific","Westerly","SPO",111,22402,0,0,0,0,0,0,0,"SUNLIGHT"
"2251","ERR2349440","ERR2349440","PRJEB25169",1.6,"20","19/04/2017",2017,4,19,-36.50268755,174.4449668,"-30_-60","EPI","EPI",NA,"marine sub-littoral zone (ENVO_01000126)","marine pelagic biome/marine sublittoral zone/seawater",NA,NA,"Westerlies - Tasman Sea Province","TASM","Tasman Sea","Pacific","Westerly","SPO",54,12503,0,0,0,0,0,0,0,"SUNLIGHT"
"2252","ERR2349454","ERR2349454","PRJEB25169",1.6,"20","20/04/2017",2017,4,20,-36.50240139,174.4604692,"-30_-60","EPI","EPI",NA,"marine sub-littoral zone (ENVO_01000126)","marine pelagic biome/marine sublittoral zone/seawater",NA,NA,"Westerlies - Tasman Sea Province","TASM","Tasman Sea","Pacific","Westerly","SPO",99,21842,0,0,0,0,0,0,0,"SUNLIGHT"
"2253","ERR2349455","ERR2349455","PRJEB25169",1.6,"20","20/04/2017",2017,4,20,-36.50369016,174.4617383,"-30_-60","EPI","EPI",NA,"marine sub-littoral zone (ENVO_01000126)","marine pelagic biome/marine sublittoral zone/seawater",NA,NA,"Westerlies - Tasman Sea Province","TASM","Tasman Sea","Pacific","Westerly","SPO",116,14957,0,0,0,0,0,0,0,"SUNLIGHT"
"2254","ERR2349457","ERR2349457","PRJEB25169",1.6,"20","20/04/2017",2017,4,20,-36.50369016,174.4617383,"-30_-60","EPI","EPI",NA,"marine sub-littoral zone (ENVO_01000126)","marine pelagic biome/marine sublittoral zone/seawater",NA,NA,"Westerlies - Tasman Sea Province","TASM","Tasman Sea","Pacific","Westerly","SPO",103,25954,0,0,0,0,0,0,0,"SUNLIGHT"
"2255","ERR2349460","ERR2349460","PRJEB25169",1.6,"20","20/04/2017",2017,4,20,-36.50303299,174.4635923,"-30_-60","EPI","EPI",NA,"marine sub-littoral zone (ENVO_01000126)","marine pelagic biome/marine sublittoral zone/seawater",NA,NA,"Westerlies - Tasman Sea Province","TASM","Tasman Sea","Pacific","Westerly","SPO",69,14037,0,0,0,0,0,0,0,"SUNLIGHT"
"2256","ERR2349466","ERR2349466","PRJEB25169",1.6,"20","20/04/2017",2017,4,20,-36.50345662,174.4654229,"-30_-60","EPI","EPI",NA,"marine sub-littoral zone (ENVO_01000126)","marine pelagic biome/marine sublittoral zone/seawater",NA,NA,"Westerlies - Tasman Sea Province","TASM","Tasman Sea","Pacific","Westerly","SPO",122,22488,0,0,0,0,0,0,0,"SUNLIGHT"
"2257","ERR2349484","ERR2349484","PRJEB25169",1.6,"20","20/04/2017",2017,4,20,-36.50134699,174.453615,"-30_-60","EPI","EPI",NA,"marine sub-littoral zone (ENVO_01000126)","marine pelagic biome/marine sublittoral zone/seawater",NA,NA,"Westerlies - Tasman Sea Province","TASM","Tasman Sea","Pacific","Westerly","SPO",80,19687,0,0,0,0,0,0,0,"SUNLIGHT"
"2258","ERR10234682","BZM_AAYXOSTA_2_1_HYFJJBCXY.12BA217","Tara_Oceans",5,"20","40654",2011,4,21,-5.252,-85.2052,"0_-30","5","SURF",NA,NA,NA,34.748175,NA,"Coastal - Chile-Peru Current Coastal Province","CHIL",NA,"Pacific","Coastal","SPO",1685,607583,0,0,0,0,0,0,0,"SUNLIGHT"
"2259","ERR10234892","BZM_ABJROSTA_1_1_H32WHBCX2.12BA026","Tara_Oceans",5,"20","16/10/2010",2010,10,16,-20.9724,-35.2724,"0_-30","5","SURF",NA,NA,NA,37.084467,NA,"Trades - South Atlantic Gyral Province (SATG)","SATL","South Atlantic gyral","Atlantic","Trade wind","SAO",2221,549667,0,0,0,0,0,0,0,"SUNLIGHT"
"2260","ERR10234923","BZM_ABKZOSTA_1_1_H32WHBCX2.12BA054","Tara_Oceans",5,"20","12/03/2011",2011,3,12,-34.0614,-73.1066,"-30_-60","5","SURF",NA,NA,NA,34.295417,NA,"Coastal - Chile-Peru Current Coastal Province","CHIL",NA,"Pacific","Coastal","SPO",775,429752,0,0,0,0,0,0,0,"SUNLIGHT"
"2261","ERR10234928","BZM_ABLFOSTA_1_1_H32WHBCX2.12BA031","Tara_Oceans",5,"20","25/02/2011",2011,2,25,-34.173,-73.0814,"-30_-60","5","SURF",NA,NA,NA,34.380467,NA,"Coastal - Chile-Peru Current Coastal Province","CHIL",NA,"Pacific","Coastal","SPO",1430,498755,0,0,0,0,0,0,0,"SUNLIGHT"
"2262","ERR10234937","BZM_ABLOOSTA_1_1_H32WHBCX2.12BA044","Tara_Oceans",5,"20","09/04/2011",2011,4,9,-21.1584,-104.8314,"0_-30","5","SURF",NA,NA,NA,36.129117,NA,"Westerlies - S. Pacific Subtropical Gyre Province","SPSG","South Pacific gyre","Pacific","Trade wind","SPO",2509,603982,0,0,0,0,0,0,0,"SUNLIGHT"
"2263","ERR2112705","ERR2112705","PRJEB84566",0.45,"2.7","14/06/2008",2008,6,14,35.07,12.91,"30_60","1","SURF",NA,NA,"Marine biome/Oligotrophic environment/Sea water",NA,NA,"Westerlies - Mediterranean Sea, Black Sea Province","MEDI","Mediterranean Sea","Atlantic","Westerly","NAO",188,20703,0,0,0,0,0,0,0,"SUNLIGHT"
"2264","ERR2357150","ERR2357150","PRJEB25267",NA,NA,"30/06/2015",2015,6,30,51.67147,-128.12367,"30_60","0.5","SURF",NA,NA,"coastal sea water/sea grass bed/coastal sea water",29.8,NA,"Coordinates may be on land",NA,NA,NA,NA,NA,174,10198,0,0,0,0,0,0,0,"SUNLIGHT"
"2265","SRR5313366","SRR5313366","PRJNA377956",NA,NA,"18/11/2013",2013,11,18,-27.8,-47.1,"0_-30","0","SURF",NA,"marine photic zone (ENVO_00000209)","Picophytoplankton",NA,NA,"Coastal - Brazil Current Coastal Province","BRAZ","Brazilian current coast","Atlantic","Coastal","SAO",74,74406,0,0,0,0,0,0,0,"SUNLIGHT"
"2266","SRR5313375","SRR5313375","PRJNA377956",NA,NA,"03/11/2013",2013,11,3,-27.313,-39.377,"0_-30","0","SURF",NA,"marine photic zone (ENVO_00000209)","Nanophytoplankton",NA,NA,"Trades - South Atlantic Gyral Province (SATG)","SATL","South Atlantic gyral","Atlantic","Trade wind","SAO",82,55622,0,0,0,0,0,0,0,"SUNLIGHT"
"2267","SRR5313377","SRR5313377","PRJNA377956",NA,NA,"02/11/2013",2013,11,2,-26.231,-40.088,"0_-30","0","SURF",NA,"marine photic zone (ENVO_00000209)","Nanophytoplankton",NA,NA,"Trades - South Atlantic Gyral Province (SATG)","SATL","South Atlantic gyral","Atlantic","Trade wind","SAO",81,85848,0,0,0,0,0,0,0,"SUNLIGHT"
"2268","SRR5313378","SRR5313378","PRJNA377956",NA,NA,"02/11/2013",2013,11,2,-25.791,-40.364,"0_-30","0","SURF",NA,"marine photic zone (ENVO_00000209)","Picophytoplankton",NA,NA,"Trades - South Atlantic Gyral Province (SATG)","SATL","South Atlantic gyral","Atlantic","Trade wind","SAO",133,183653,0,0,0,0,0,0,0,"SUNLIGHT"
"2269","SRR5313388","SRR5313388","PRJNA377956",NA,NA,"19/11/2013",2013,11,19,-28.646,-44.995,"0_-30","5","SURF",NA,"marine photic zone (ENVO_00000209)","Picophytoplankton",NA,NA,"Trades - South Atlantic Gyral Province (SATG)","SATL","South Atlantic gyral","Atlantic","Trade wind","SAO",75,75590,0,0,0,0,0,0,0,"SUNLIGHT"
"2270","SRR5313397","SRR5313397","PRJNA377956",NA,NA,"19/11/2013",2013,11,19,-28.117,-46.175,"0_-30","5","SURF",NA,"marine photic zone (ENVO_00000209)","Nanophytoplankton",NA,NA,"Coastal - Brazil Current Coastal Province","BRAZ","Brazilian current coast","Atlantic","Coastal","SAO",60,74885,0,0,0,0,0,0,0,"SUNLIGHT"
"2271","SRR5313402","SRR5313402","PRJNA377956",NA,NA,"18/11/2013",2013,11,18,-27.785,-46.962,"0_-30","5","SURF",NA,"marine photic zone (ENVO_00000209)","Picophytoplankton",NA,NA,"Coastal - Brazil Current Coastal Province","BRAZ","Brazilian current coast","Atlantic","Coastal","SAO",56,63620,0,0,0,0,0,0,0,"SUNLIGHT"
"2272","SRR5313410","SRR5313410","PRJNA377956",NA,NA,"18/11/2013",2013,11,18,-27.586,-47.387,"0_-30","5","SURF",NA,"marine photic zone (ENVO_00000209)","Nanophytoplankton",NA,NA,"Coastal - Brazil Current Coastal Province","BRAZ","Brazilian current coast","Atlantic","Coastal","SAO",77,38180,0,0,0,0,0,0,0,"SUNLIGHT"
"2273","SRR5313415","SRR5313415","PRJNA377956",NA,NA,"18/11/2013",2013,11,18,-27.394,-47.816,"0_-30","5","SURF",NA,"marine photic zone (ENVO_00000209)","Picophytoplankton",NA,NA,"Coastal - Brazil Current Coastal Province","BRAZ","Brazilian current coast","Atlantic","Coastal","SAO",87,109525,0,0,0,0,0,0,0,"SUNLIGHT"
"2274","SRR5915281","SRR5915281","PRJNA385736",0.22,NA,"08/09/2016",2016,9,8,-36.98625,153.88598,"-30_-60","0","SURF",NA,"marine layer (ENVO_01000295)","Pelagic",35.530546,NA,"Westerlies - Tasman Sea Province","TASM","Tasman Sea","Pacific","Westerly","SPO",1019,58313,0,0,0,0,0,0,0,"SUNLIGHT"
"2275","SRR5915295","SRR5915295","PRJNA385736",0.22,NA,"01/09/2016",2016,9,1,-34.3208,152.06305,"-30_-60","0","SURF",NA,"marine layer (ENVO_01000295)","Pelagic",35.671084,NA,"Coastal - East Australian Coastal Province","AUSE","East Australian coast","Pacific","Coastal","SPO",790,34348,0,0,0,0,0,0,0,"SUNLIGHT"
"2276","ERR2220276","ERR2220276","PRJEB23771",0.22,"3","17/02/2011",2011,2,17,-33.90716667,37.04216667,"-30_-60","3000","BATHY",NA,"marine pelagic zone (ENVO_00000208)","marine biome/open ocean/water",34.81,NA,"Trades - Indian S. Subtropical Gyre Province","ISSG","Indian South subtropical gyre","Indian","Trade wind","IO",605,139038,1,1,0,0,0,0,0,"NO_SUNLIGHT"
"2277","ERR2220309","ERR2220309","PRJEB23771",0.22,"3","23/05/2011",2011,5,23,17.37033333,-130.611,"0_30","4000","BATHY",NA,"marine pelagic zone (ENVO_00000208)","marine biome/open ocean/water",34.69,NA,"Trades - N. Pacific Tropical Gyre Province","NPTG","North Pacific Tropical gyre","Pacific","Trade wind","NPO",607,67906,1,1,0,0,0,0,0,"NO_SUNLIGHT"
"2278","SRR6400850","SRR6400850","PRJNA385736",0.22,NA,"15/05/2016",2016,5,15,-54.498483,-170.002917,"-30_-60","4902","BATHY",NA,"marine layer (ENVO_01000295)","Pelagic",34.703,NA,"Westerlies - Subantarctic Province","SANT","Subantarctic water ring","Antarctic","Westerly","SO",565,111913,1,1,0,0,0,0,0,"NO_SUNLIGHT"
"2279","SRR6400951","SRR6400951","PRJNA385736",0.22,NA,"29/05/2016",2016,5,29,-42.169,-174.25463,"-30_-60","1998.7","BATHY",NA,"marine layer (ENVO_01000295)","Pelagic",34.629,NA,"Coastal - New Zealand Coastal Province","NEWZ","New Zealand coast","Pacific","Coastal","SPO",398,255207,1,1,0,0,0,0,0,"NO_SUNLIGHT"
"2280","SRR6401102","SRR6401102","PRJNA385736",0.22,NA,"30/05/2016",2016,5,30,-39.51513,-172.4141,"-30_-60","4838.5","BATHY",NA,"marine layer (ENVO_01000295)","Pelagic",34.706,NA,"Westerlies - S. Subtropical Convergence Province","SSTC","South subtropical convergence","Antarctic","Westerly","SO",549,79247,1,1,0,0,0,0,0,"NO_SUNLIGHT"
"2281","SRR6401156","SRR6401156","PRJNA385736",0.22,NA,"29/05/2016",2016,5,29,-40.39737,-173.02195,"-30_-60","4499.3","BATHY",NA,"marine layer (ENVO_01000295)","Pelagic",34.707,NA,"Westerlies - S. Subtropical Convergence Province","SSTC","South subtropical convergence","Antarctic","Westerly","SO",122,20550,1,1,0,0,0,0,0,"NO_SUNLIGHT"
"2282","SRR6401473","SRR6401473","PRJNA385736",0.22,NA,"05/05/2016",2016,5,5,-64.995883,-170.009767,"-60_-90","2005.8","BATHY",NA,"marine layer (ENVO_01000295)","Pelagic",34.705,NA,"Polar - Antarctic Province","ANTA","Antarctic","Antarctic","Polar","SO",172,18431,1,1,0,0,0,0,0,"NO_SUNLIGHT"
"2283","SRR6401719","SRR6401719","PRJNA385736",0.22,NA,"05/05/2016",2016,5,5,-64.50175,-170.003333,"-60_-90","1078.8","BATHY",NA,"marine layer (ENVO_01000295)","Pelagic",34.732,NA,"Polar - Antarctic Province","ANTA","Antarctic","Antarctic","Polar","SO",243,30139,1,1,0,0,0,0,0,"NO_SUNLIGHT"
"2284","SRR7033527","SRR7033527","PRJNA385736",0.22,NA,NA,NA,NA,NA,-4.50045,-168.75017,"0_-30","5637.3","BATHY",NA,"marine layer (ENVO_01000295)","Pelagic",34.707,NA,"Trades - Pacific Equatorial Divergence Province","PEQD","Pacific equatorial divergence","Pacific","Trade wind","SPO",740,160990,1,1,0,0,0,0,0,"NO_SUNLIGHT"
"2285","SRR7036972","SRR7036972","PRJNA385736",0.22,NA,NA,NA,NA,NA,-0.49677,-168.74373,"0_-30","5594.4","BATHY",NA,"marine layer (ENVO_01000295)","Pelagic",34.704,NA,"Trades - Pacific Equatorial Divergence Province","PEQD","Pacific equatorial divergence","Pacific","Trade wind","SPO",131,38662,1,1,0,0,0,0,0,"NO_SUNLIGHT"
"2286","ERR10234702","BZM_AAZROSTA_2_1_HYFJJBCXY.12BA267","Tara_Oceans",5,"20","24/10/2011",2011,10,24,32.9903,-121.8463,"30_60","30","EPI",NA,NA,NA,33.46036,NA,"Coastal - California Upwelling Coastal Province","CCAL","Coastal Californian current","Pacific","Coastal","NPO",2923,531949,1,1,0,0,0,0,0,"SUNLIGHT"
"2287","ERR10234715","BZM_ABAEOSTA_2_1_HYFJJBCXY.12BA233","Tara_Oceans",5,"20","02/12/2011",2011,12,2,14.1957,-116.7293,"0_30","40","EPI",NA,NA,NA,34.742099,NA,"Trades - N. Pacific Tropical Gyre Province","NPTG","North Pacific Tropical gyre","Pacific","Trade wind","NPO",2730,481319,1,1,0,0,0,0,0,"SUNLIGHT"
"2288","ERR10234716","BZM_ABAFOSTA_2_1_HYFJJBCXY.12BA245","Tara_Oceans",5,"20","11/12/2011",2011,12,11,6.3356,-103.0399,"0_30","60","EPI",NA,NA,NA,34.640929,NA,"Trades - N. Pacific Equatorial Countercurrent Province","PNEC","North Pacific equatorial counter current","Pacific","Trade wind","NPO",3763,540768,1,1,0,0,0,0,0,"SUNLIGHT"
"2289","ERR2357165","ERR2357165","PRJEB25267",NA,NA,"01/07/2015",2015,7,1,51.92279,-128.46453,"30_60","5.87","EPI",NA,NA,"coastal sea water/sea grass bed/coastal sea water",31.17,NA,"Coastal - Alaska Downwelling Coastal Province","ALSK","Alaska coastal downwelling","Pacific","Coastal","NPO",534,40748,1,1,0,0,0,0,0,"SUNLIGHT"
"2290","SRR3931291","SRR3931291","PRJEB21950",NA,NA,"21/07/2015",2015,7,21,83.05,-74.1,"60_90","6","EPI",NA,NA,"Shallow benthic microbial mat",NA,NA,"Polar - Boreal Polar Province (POLR)","BPLR","Boreal polar","Arctic","Polar","AO",732,115095,1,1,0,0,0,0,0,"SUNLIGHT"
"2291","SRR5914935","SRR5914935","PRJNA385736",0.22,NA,"01/09/2016",2016,9,1,-34.32088,152.06283,"-30_-60","25","EPI",NA,"marine layer (ENVO_01000295)","Pelagic",35.639244,NA,"Coastal - East Australian Coastal Province","AUSE","East Australian coast","Pacific","Coastal","SPO",1034,49711,1,1,0,0,0,0,0,"SUNLIGHT"
"2292","SRR5914944","SRR5914944","PRJNA385736",0.22,NA,"06/09/2016",2016,9,6,-36.24725,151.92793,"-30_-60","20","EPI",NA,"marine layer (ENVO_01000295)","Pelagic",35.573162,NA,"Coastal - East Australian Coastal Province","AUSE","East Australian coast","Pacific","Coastal","SPO",1073,44719,1,1,0,0,0,0,0,"SUNLIGHT"
"2293","SRR5915105","SRR5915105","PRJNA385736",0.22,NA,"13/09/2016",2016,9,13,-30.6308,153.62537,"-30_-60","55","EPI",NA,"marine layer (ENVO_01000295)","Pelagic",35.729918,NA,"Coastal - East Australian Coastal Province","AUSE","East Australian coast","Pacific","Coastal","SPO",1587,67061,1,1,0,0,0,0,0,"SUNLIGHT"
"2294","SRR5915289","SRR5915289","PRJNA385736",0.22,NA,"07/09/2016",2016,9,7,-36.25075,154.24917,"-30_-60","40","EPI",NA,"marine layer (ENVO_01000295)","Pelagic",35.639724,NA,"Westerlies - Tasman Sea Province","TASM","Tasman Sea","Pacific","Westerly","SPO",1196,78966,1,1,0,0,0,0,0,"SUNLIGHT"
"2295","SRR5915375","SRR5915375","PRJNA385736",0.22,NA,"06/09/2016",2016,9,6,-36.25113,153.26323,"-30_-60","100","EPI",NA,"marine layer (ENVO_01000295)","Pelagic",35.599381,NA,"Westerlies - Tasman Sea Province","TASM","Tasman Sea","Pacific","Westerly","SPO",1227,62022,1,1,0,0,0,0,0,"SUNLIGHT"
"2296","ERR2220160","ERR2220160","PRJEB23771",0.22,"3","22/12/2010",2010,12,22,23.274,-22.22216667,"0_30","970","MESO",NA,"marine pelagic zone (ENVO_00000208)","marine biome/open ocean/water",35.19,NA,"Trades - N. Atlantic Tropical Gyral Province (TRPG)","NATR","North Atlantic tropical gyral","Atlantic","Trade wind","NAO",80,84028,1,1,0,0,0,0,0,"NO_SUNLIGHT"
"2297","SRR6400883","SRR6400883","PRJNA385736",0.22,NA,"11/06/2016",2016,6,11,-22.49923,-170.00003,"0_-30","501.3","MESO",NA,"marine layer (ENVO_01000295)","Pelagic",34.619,NA,"Westerlies - S. Pacific Subtropical Gyre Province","SPSG","South Pacific gyre","Pacific","Trade wind","SPO",405,86445,1,1,0,0,0,0,0,"NO_SUNLIGHT"
"2298","SRR6401107","SRR6401107","PRJNA385736",0.22,NA,"14/05/2016",2016,5,14,-56.000533,-170.004417,"-30_-60","535.2","MESO",NA,"marine layer (ENVO_01000295)","Pelagic",34.269,NA,"Westerlies - Subantarctic Province","SANT","Subantarctic water ring","Antarctic","Westerly","SO",306,97959,1,1,0,0,0,0,0,"NO_SUNLIGHT"
"2299","SRR6401200","SRR6401200","PRJNA385736",0.22,NA,"16/05/2016",2016,5,16,-53.003483,-170.014317,"-30_-60","535.8","MESO",NA,"marine layer (ENVO_01000295)","Pelagic",34.204,NA,"Westerlies - Subantarctic Province","SANT","Subantarctic water ring","Antarctic","Westerly","SO",315,194425,1,1,0,0,0,0,0,"NO_SUNLIGHT"
"2300","SRR6401223","SRR6401223","PRJNA385736",0.22,NA,"31/05/2016",2016,5,31,-38.19017,-171.5002,"-30_-60","499.8","MESO",NA,"marine layer (ENVO_01000295)","Pelagic",34.543,NA,"Westerlies - S. Pacific Subtropical Gyre Province","SPSG","South Pacific gyre","Pacific","Trade wind","SPO",166,34008,1,1,0,0,0,0,0,"NO_SUNLIGHT"
"2301","SRR6401227","SRR6401227","PRJNA385736",0.22,NA,"30/05/2016",2016,5,30,-39.07282,-172.11525,"-30_-60","536.6","MESO",NA,"marine layer (ENVO_01000295)","Pelagic",34.511,NA,"Westerlies - S. Pacific Subtropical Gyre Province","SPSG","South Pacific gyre","Pacific","Trade wind","SPO",144,22931,1,1,0,0,0,0,0,"NO_SUNLIGHT"
"2302","SRR6401268","SRR6401268","PRJNA385736",0.22,NA,"18/05/2016",2016,5,18,-49.4991,-170.0165,"-30_-60","464.5","MESO",NA,"marine layer (ENVO_01000295)","Pelagic",34.395,NA,"Westerlies - Subantarctic Province","SANT","Subantarctic water ring","Antarctic","Westerly","SO",148,35465,1,1,0,0,0,0,0,"NO_SUNLIGHT"
"2303","SRR7036157","SRR7036157","PRJNA385736",0.22,NA,"12/05/2016",2016,5,12,-58.9924,-169.99825,"-60_-90","465","MESO",NA,"marine layer (ENVO_01000295)","Pelagic_Public",34.331,NA,"Polar - Antarctic Province","ANTA","Antarctic","Antarctic","Polar","SO",488,34667,1,1,0,0,0,0,0,"NO_SUNLIGHT"
"2304","SRR7036921","SRR7036921","PRJNA385736",0.22,NA,NA,NA,NA,NA,-0.99917,-168.74917,"0_-30","501.1","MESO",NA,"marine layer (ENVO_01000295)","Pelagic",34.613,NA,"Trades - Pacific Equatorial Divergence Province","PEQD","Pacific equatorial divergence","Pacific","Trade wind","SPO",227,23231,1,1,0,0,0,0,0,"NO_SUNLIGHT"
"2305","SRR6656759","SRR6656759","PRJNA362945",3,NA,"26/08/2012",2012,8,26,80,-137,"60_90","EPI","EPI",NA,"marine layer (ENVO_01000295)","Pacific Winter Water, Arctic",NA,NA,"Polar - Boreal Polar Province (POLR)","BPLR","Boreal polar","Arctic","Polar","AO",1223,88240,1,1,0,0,0,0,0,"SUNLIGHT"
"2306","ERR10234689","BZM_AAZEOSTA_2_1_HYFJJBCXY.12BA206","Tara_Oceans",5,"20","31/07/2011",2011,7,31,-8.8984,-140.3089,"0_-30","5","SURF",NA,NA,NA,35.35772,NA,"Westerlies - S. Pacific Subtropical Gyre Province","SPSG","South Pacific gyre","Pacific","Trade wind","SPO",2386,533324,1,1,0,0,0,0,0,"SUNLIGHT"
"2307","ERR10234719","BZM_ABAIOSTA_2_1_HYFJJBCXY.12BA281","Tara_Oceans",5,"20","02/12/2011",2011,12,2,14.1853,-116.6842,"0_30","5","SURF",NA,NA,NA,33.867133,NA,"Trades - N. Pacific Tropical Gyre Province","NPTG","North Pacific Tropical gyre","Pacific","Trade wind","NPO",1696,510414,1,1,0,0,0,0,0,"SUNLIGHT"
"2308","ERR2172226","ERR2172226","PRJEB23005",NA,NA,"20/08/2012",2012,8,20,82.67067,109.5895,"60_90","0","SURF",NA,NA,"oceanic epipelagic zone biome [01000035]|marine pelagic biome [01000023]|polar biome[ENVO_01000339]/sea ice floe [03000066]/sea ice [00002200]",NA,NA,"Polar - Boreal Polar Province (POLR)","BPLR","Boreal polar","Arctic","Polar","AO",250,64352,1,1,0,0,0,0,0,"SUNLIGHT"
"2309","SRR5915164","SRR5915164","PRJNA385736",0.22,NA,"13/09/2016",2016,9,13,-30.63588,153.62192,"-30_-60","0","SURF",NA,"marine layer (ENVO_01000295)","Pelagic",35.648097,NA,"Coastal - East Australian Coastal Province","AUSE","East Australian coast","Pacific","Coastal","SPO",1131,62473,1,1,0,0,0,0,0,"SUNLIGHT"
"2310","ERR2220282","ERR2220282","PRJEB23771",0.22,"3","27/02/2011",2011,2,27,-29.3535,69.4,"0_-30","4000","BATHY",NA,"marine pelagic zone (ENVO_00000208)","marine biome/open ocean/water",34.71,NA,"Trades - Indian S. Subtropical Gyre Province","ISSG","Indian South subtropical gyre","Indian","Trade wind","IO",378,76925,2,2,0,0,0,0,0,"NO_SUNLIGHT"
"2311","ERR2220331","ERR2220331","PRJEB23771",0.22,"3","05/07/2011",2011,7,5,26.911,-32.8365,"0_30","2500","BATHY",NA,"marine pelagic zone (ENVO_00000208)","marine biome/open ocean/water",34.99,NA,"Westerlies - N. Atlantic Subtropical Gyral Province (East) (STGE)","NASE","Northeast Atlantic subtropical gyral","Atlantic","Westerly","NAO",364,54199,2,2,0,0,0,0,0,"NO_SUNLIGHT"
"2312","SRR6400923","SRR6400923","PRJNA385736",0.22,NA,"18/05/2016",2016,5,18,-50.00695,-169.99245,"-30_-60","1036.1","BATHY",NA,"marine layer (ENVO_01000295)","Pelagic",34.327,NA,"Westerlies - Subantarctic Province","SANT","Subantarctic water ring","Antarctic","Westerly","SO",175,73521,2,1,0,0,0,0,0,"NO_SUNLIGHT"
"2313","SRR6401110","SRR6401110","PRJNA385736",0.22,NA,"14/05/2016",2016,5,14,-56.000533,-170.004417,"-30_-60","5193.1","BATHY",NA,"marine layer (ENVO_01000295)","Pelagic",34.703,NA,"Westerlies - Subantarctic Province","SANT","Subantarctic water ring","Antarctic","Westerly","SO",317,65506,2,1,0,0,0,0,0,"NO_SUNLIGHT"
"2314","SRR6401155","SRR6401155","PRJNA385736",0.22,NA,"29/05/2016",2016,5,29,-40.39737,-173.02195,"-30_-60","2085.3","BATHY",NA,"marine layer (ENVO_01000295)","Pelagic",34.626,NA,"Westerlies - S. Subtropical Convergence Province","SSTC","South subtropical convergence","Antarctic","Westerly","SO",166,54847,2,1,0,0,0,0,0,"NO_SUNLIGHT"
"2315","SRR6401269","SRR6401269","PRJNA385736",0.22,NA,"19/05/2016",2016,5,19,-48.9954,-170.0036,"-30_-60","5339.6","BATHY",NA,"marine layer (ENVO_01000295)","Pelagic",34.704,NA,"Westerlies - Subantarctic Province","SANT","Subantarctic water ring","Antarctic","Westerly","SO",735,77979,2,1,0,0,0,0,0,"NO_SUNLIGHT"
"2316","SRR6401638","SRR6401638","PRJNA385736",0.22,NA,"13/05/2016",2016,5,13,-58.00085,-170.01025,"-60_-90","4419.2","BATHY",NA,"marine layer (ENVO_01000295)","Pelagic",34.704,NA,"Polar - Antarctic Province","ANTA","Antarctic","Antarctic","Polar","SO",313,37783,2,2,0,0,0,0,0,"NO_SUNLIGHT"
"2317","SRR7037009","SRR7037009","PRJNA385736",0.22,NA,NA,NA,NA,NA,-1.50055,-168.74968,"0_-30","6015.1","BATHY",NA,"marine layer (ENVO_01000295)","Pelagic",34.705,NA,"Trades - Pacific Equatorial Divergence Province","PEQD","Pacific equatorial divergence","Pacific","Trade wind","SPO",435,96845,2,2,0,0,0,0,0,"NO_SUNLIGHT"
"2318","ERR10234692","BZM_AAZHOSTA_2_1_HYFJJBCXY.12BA242","Tara_Oceans",5,"20","09/08/2011",2011,8,9,-8.9058,-142.6179,"0_-30","140","EPI",NA,NA,NA,36.272197,NA,"Westerlies - S. Pacific Subtropical Gyre Province","SPSG","South Pacific gyre","Pacific","Trade wind","SPO",2577,494864,2,2,0,0,0,0,0,"SUNLIGHT"
"2319","ERR10234700","BZM_AAZPOSTA_2_1_HYFJJBCXY.12BA243","Tara_Oceans",5,"20","30/09/2011",2011,9,30,22.7281,-158.0907,"0_30","110","EPI",NA,NA,NA,35.246807,NA,"Trades - N. Pacific Tropical Gyre Province","NPTG","North Pacific Tropical gyre","Pacific","Trade wind","NPO",4020,462951,2,2,0,0,0,0,0,"SUNLIGHT"
"2320","SRR6401124","SRR6401124","PRJNA385736",0.22,NA,"18/05/2016",2016,5,18,-50.498133,-170.000117,"-30_-60","997","MESO",NA,"marine layer (ENVO_01000295)","Pelagic",34.354,NA,"Westerlies - Subantarctic Province","SANT","Subantarctic water ring","Antarctic","Westerly","SO",119,57419,2,2,0,0,0,0,0,"NO_SUNLIGHT"
"2321","ERR10234721","BZM_ABAKOSTA_2_1_HYFJJBCXY.12BA210","Tara_Oceans",5,"20","02/02/2012",2012,2,2,39.194,-70.0499,"30_60","5","SURF",NA,NA,NA,35.1468,NA,"Westerlies - Gulf Stream Province","GFST","Gulf Stream","Atlantic","Westerly","NAO",2091,491011,2,2,0,0,0,0,0,"SUNLIGHT"
"2322","ERR10234729","BZM_ABASOSTA_2_1_HYFJJBCXY.12BA211","Tara_Oceans",5,"20","18/02/2012",2012,2,18,32.9701,-66.5548,"30_60","5","SURF",NA,NA,NA,36.573008,NA,"Westerlies - N. Atlantic Subtropical Gyral Province (West) (STGW)","NASW","Northwest Atlantic subtropical gyral","Atlantic","Westerly","NAO",2525,994601,2,2,0,0,0,0,0,"SUNLIGHT"
"2323","ERR10234941","BZM_ABLSOSTA_1_1_H32WHBCX2.12BA092","Tara_Oceans",5,"20","26/05/2010",2010,5,26,-12.807,45.2247,"0_-30","5","SURF",NA,NA,NA,34.963533,NA,"Coordinates may be on land",NA,NA,NA,NA,NA,2123,490079,2,2,0,0,0,0,0,"SUNLIGHT"
"2324","SRR5914992","SRR5914992","PRJNA385736",0.22,NA,"01/09/2016",2016,9,1,-33.39113,152.02298,"-30_-60","0","SURF",NA,"marine layer (ENVO_01000295)","Pelagic",35.663783,NA,"Coastal - East Australian Coastal Province","AUSE","East Australian coast","Pacific","Coastal","SPO",908,40295,2,1,0,0,0,0,0,"SUNLIGHT"
"2325","SRR5917726","SRR5917726","PRJNA385736",0.22,NA,"14/09/2016",2016,9,14,-31.98255,153.29698,"-30_-60","0","SURF",NA,"marine layer (ENVO_01000295)","Pelagic",35.677671,NA,"Coastal - East Australian Coastal Province","AUSE","East Australian coast","Pacific","Coastal","SPO",1295,51322,2,1,0,0,0,0,0,"SUNLIGHT"
"2326","SRR6401201","SRR6401201","PRJNA385736",0.22,NA,"17/05/2016",2016,5,17,-52.503917,-169.996817,"-30_-60","5245.1","BATHY",NA,"marine layer (ENVO_01000295)","Pelagic",34.702,NA,"Westerlies - Subantarctic Province","SANT","Subantarctic water ring","Antarctic","Westerly","SO",776,70309,3,1,0,0,0,0,0,"NO_SUNLIGHT"
"2327","ERR10234709","BZM_AAZYOSTA_2_1_HYFJJBCXY.12BA256","Tara_Oceans",5,"20","05/10/2011",2011,10,5,31.471,-159.101,"30_60","115","EPI",NA,NA,NA,34.381925,NA,"Trades - N. Pacific Tropical Gyre Province","NPTG","North Pacific Tropical gyre","Pacific","Trade wind","NPO",3626,498610,3,1,0,0,0,0,0,"SUNLIGHT"
"2328","ERR10234641","BZM_AAXHOSTA_2_1_H32WHBCX2.12BA037","Tara_Oceans",3,">3","22/03/2010",2010,3,22,17.4855,68.0247,"0_30","285","MESO",NA,NA,NA,35.9149,NA,"Coastal - NW Arabian Upwelling Province","ARAB","Northwest Arabian Sea upwelling","Indian","Westerly","IO",715,538757,3,2,0,0,0,0,0,"NO_SUNLIGHT"
"2329","SRR5915014","SRR5915014","PRJNA385736",0.22,NA,"08/09/2016",2016,9,8,-36.88667,152.54888,"-30_-60","250","MESO",NA,"marine layer (ENVO_01000295)","Pelagic",35.502836,NA,"Westerlies - Tasman Sea Province","TASM","Tasman Sea","Pacific","Westerly","SPO",1408,43354,3,3,0,0,0,0,0,"NO_SUNLIGHT"
"2330","SRR5915384","SRR5915384","PRJNA385736",0.22,NA,"08/09/2016",2016,9,8,-36.88548,152.5501,"-30_-60","500","MESO",NA,"marine layer (ENVO_01000295)","Pelagic",35.031702,NA,"Westerlies - Tasman Sea Province","TASM","Tasman Sea","Pacific","Westerly","SPO",1379,35741,3,2,0,0,0,0,0,"NO_SUNLIGHT"
"2331","ERR10234681","BZM_AAYWOSTA_2_1_HYFJJBCXY.12BA205","Tara_Oceans",5,"20","40675",2011,5,12,2.0399,-84.5599,"0_30","5","SURF",NA,NA,NA,33.17585,NA,"Trades - N. Pacific Equatorial Countercurrent Province","PNEC","North Pacific equatorial counter current","Pacific","Trade wind","NPO",2551,512488,3,3,0,0,0,0,0,"SUNLIGHT"
"2332","ERR10234701","BZM_AAZQOSTA_2_1_HYFJJBCXY.12BA255","Tara_Oceans",5,"20","30/09/2011",2011,9,30,22.7091,-158.0247,"0_30","5","SURF",NA,NA,NA,35.23154,NA,"Trades - N. Pacific Tropical Gyre Province","NPTG","North Pacific Tropical gyre","Pacific","Trade wind","NPO",1974,468992,3,2,0,0,0,0,0,"SUNLIGHT"
"2333","ERR10234703","BZM_AAZSOSTA_2_1_HYFJJBCXY.12BA279","Tara_Oceans",5,"20","23/10/2011",2011,10,23,33.0007,-121.8701,"30_60","5","SURF",NA,NA,NA,33.477367,NA,"Coastal - California Upwelling Coastal Province","CCAL","Coastal Californian current","Pacific","Coastal","NPO",1860,620613,3,3,0,0,0,0,0,"SUNLIGHT"
"2334","ERR2249712","ERR2249712","PRJEB24002",NA,NA,NA,NA,NA,NA,72.903146,-55.436884,"60_90","0.09","SURF",NA,NA,"marine biome ENVO:00000447/fjord ENVO:00000039/sediment ENVO:00002015",NA,NA,"Polar - Boreal Polar Province (POLR)","BPLR","Boreal polar","Arctic","Polar","AO",338,85304,3,1,0,0,0,0,0,"SUNLIGHT"
"2335","ERR2249714","ERR2249714","Tara_Oceans",NA,NA,NA,NA,NA,NA,72.903146,-55.436884,"60_90","0.9","SURF",NA,NA,"marine biome ENVO:00000447/fjord ENVO:00000039/sediment ENVO:00002015",NA,NA,"Polar - Boreal Polar Province (POLR)","BPLR","Boreal polar","Arctic","Polar","AO",242,90003,3,2,0,0,0,0,0,"SUNLIGHT"
"2336","ERR10028091","NB348_RNA","PRJEB24595",NA,NA,"13/10/2009",2009,10,13,40.8,14.25,"30_60","78","EPI",NA,"shallow marine sediment (ENVO_01000043)",NA,37.9,NA,"Westerlies - Mediterranean Sea, Black Sea Province","MEDI","Mediterranean Sea","Atlantic","Westerly","NAO",5952,397503,4,2,0,0,0,0,0,"SUNLIGHT"
"2337","ERR10234711","BZM_ABAAOSTA_2_1_HYFJJBCXY.12BA280","PRJEB23920",5,"20","19/10/2011",2011,10,19,35.4135,-127.7053,"30_60","45","EPI",NA,NA,NA,33.214258,NA,"Coastal - California Upwelling Coastal Province","CCAL","Coastal Californian current","Pacific","Coastal","NPO",2552,548519,4,3,0,0,0,0,0,"SUNLIGHT"
"2338","ERR2287528","ERR2287528","PRJEB24888",NA,NA,"15/09/2013",2013,9,15,59.7274667,10.7283861,"30_60","MESO","MESO",NA,NA,"Marine/Fjord/Sediment",NA,NA,"Coordinates may be on land",NA,NA,NA,NA,NA,6375,1126802,4,4,0,0,0,0,0,"NO_SUNLIGHT"
"2339","ERR10234691","BZM_AAZGOSTA_2_1_HYFJJBCXY.12BA230","Tara_Oceans",5,"20","08/08/2011",2011,8,8,-8.9124,-142.5595,"0_-30","5","SURF",NA,NA,NA,35.4224,NA,"Westerlies - S. Pacific Subtropical Gyre Province","SPSG","South Pacific gyre","Pacific","Trade wind","SPO",2218,546097,4,4,0,0,0,0,0,"SUNLIGHT"
"2340","ERR10234710","BZM_AAZZOSTA_2_1_HYFJJBCXY.12BA268","Tara_Oceans",5,"20","04/10/2011",2011,10,4,31.4868,-159.0749,"30_60","5","SURF",NA,NA,NA,35.18785,NA,"Trades - N. Pacific Tropical Gyre Province","NPTG","North Pacific Tropical gyre","Pacific","Trade wind","NPO",2753,442433,4,3,0,0,0,0,0,"SUNLIGHT"
"2341","ERR10234891","BZM_ABJQOSTA_1_1_H32WHBCX2.12BA014","Tara_Oceans",5,"20","21/09/2010",2010,9,21,-20.4107,-3.1775,"0_-30","5","SURF",NA,NA,NA,36.374733,NA,"Trades - South Atlantic Gyral Province (SATG)","SATL","South Atlantic gyral","Atlantic","Trade wind","SAO",2198,478202,4,2,0,0,0,0,0,"SUNLIGHT"
"2342","ERR10234945","BZM_ABLWOSTA_1_1_H32WHBCX2.12BA045","Tara_Oceans",5,"20","05/10/2010",2010,10,5,-8.7277,-17.9235,"0_-30","5","SURF",NA,NA,NA,36.425925,NA,"Trades - South Atlantic Gyral Province (SATG)","SATL","South Atlantic gyral","Atlantic","Trade wind","SAO",2229,571716,4,2,0,0,0,0,0,"SUNLIGHT"
"2343","SRR5915220","SRR5915220","PRJNA385736",0.22,NA,"06/09/2016",2016,9,6,-36.2504,153.26225,"-30_-60","0","SURF",NA,"marine layer (ENVO_01000295)","Pelagic",35.662471,NA,"Westerlies - Tasman Sea Province","TASM","Tasman Sea","Pacific","Westerly","SPO",1259,71816,4,3,0,0,0,0,0,"SUNLIGHT"
"2344","SRR5918636","SRR5918636","PRJNA385736",0.22,NA,"41957",2014,11,14,-42.30388,148.50533,"-30_-60","0","SURF",NA,"marine layer (ENVO_01000295)","Pelagic",35.244,NA,"Westerlies - Tasman Sea Province","TASM","Tasman Sea","Pacific","Westerly","SPO",1025,58087,4,4,0,0,0,0,0,"SUNLIGHT"
"2345","SRR7035235","SRR7035235","PRJNA385736",NA,NA,"15/06/2017",2017,6,15,-34.010214,151.125875,"-30_-60","3","SURF",NA,NA,"sediment",NA,NA,"Coordinates may be on land",NA,NA,NA,NA,NA,3528,140244,4,1,0,0,0,0,0,"SUNLIGHT"
"2346","SRR5805422","SRR5805422","PRJNA393049",NA,NA,"21/03/2014",2014,3,21,22.75,-158,"0_30","4000","BATHY",NA,NA,"sediment trap",NA,NA,"Trades - N. Pacific Tropical Gyre Province","NPTG","North Pacific Tropical gyre","Pacific","Trade wind","NPO",1797,126599,5,1,0,0,0,0,0,"NO_SUNLIGHT"
"2347","ERR10028097","OF229_RNA","PRJEB24158",NA,NA,"22/09/2009",2009,9,22,59.26666667,10.71666667,"30_60","103","EPI",NA,"shallow marine sediment (ENVO_01000043)",NA,35,NA,"Coastal - NE Atlantic Shelves Province","NECS","Northeast Atlantic shelves","Atlantic","Coastal","NAO",7269,396229,5,2,0,0,0,0,0,"SUNLIGHT"
"2348","ERR10234690","BZM_AAZFOSTA_2_1_HYFJJBCXY.12BA218","Tara_Oceans",5,"20","01/08/2011",2011,8,1,-8.903,-140.2801,"0_-30","150","EPI",NA,NA,NA,99999,NA,"Westerlies - S. Pacific Subtropical Gyre Province","SPSG","South Pacific gyre","Pacific","Trade wind","SPO",3165,532548,5,4,0,0,0,0,0,"SUNLIGHT"
"2349","ERR10234707","BZM_AAZWOSTA_2_1_HYFJJBCXY.12BA232","Tara_Oceans",5,"20","11/09/2011",2011,9,11,6.6433,-153.0842,"0_30","80","EPI",NA,NA,NA,34.798259,NA,"Trades - N. Pacific Equatorial Countercurrent Province","PNEC","North Pacific equatorial counter current","Pacific","Trade wind","NPO",3429,496830,5,4,0,0,0,0,0,"SUNLIGHT"
"2350","ERR10234718","BZM_ABAHOSTA_2_1_HYFJJBCXY.12BA269","Tara_Oceans",5,"20","16/01/2012",2012,1,16,29.8103,-79.668,"0_30","40","EPI",NA,NA,NA,36.2134,NA,"Coastal - NW Atlantic Shelves Province","NWCS","Northwest Atlantic shelves","Atlantic","Coastal","NAO",2402,473125,5,3,0,0,0,0,0,"SUNLIGHT"
"2351","SRR5914976","SRR5914976","PRJNA385736",0.22,NA,"13/09/2016",2016,9,13,-30.81285,153.4453,"-30_-60","30","EPI",NA,"marine layer (ENVO_01000295)","Pelagic",35.659303,NA,"Coastal - East Australian Coastal Province","AUSE","East Australian coast","Pacific","Coastal","SPO",1515,55347,5,4,0,0,0,0,0,"SUNLIGHT"
"2352","ERR2112710","ERR2112710","PRJEB84566",0.45,"2.7","03/04/2009",2009,4,3,34.74,13.2,"30_60","262","MESO",NA,NA,"Marine biome/Oligotrophic environment/Sea water",NA,NA,"Westerlies - Mediterranean Sea, Black Sea Province","MEDI","Mediterranean Sea","Atlantic","Westerly","NAO",710,45388,5,3,0,0,0,0,0,"NO_SUNLIGHT"
"2353","ERR2286745","ERR2286745","PRJEB24158",NA,NA,"15/08/2013",2013,8,15,59.6970194,10.6283833,"30_60","MESO","MESO",NA,NA,"Marine/Fjord/Sediments",NA,NA,"Coordinates may be on land",NA,NA,NA,NA,NA,7767,1001908,5,3,0,0,0,0,0,"NO_SUNLIGHT"
"2354","ERR2287520","ERR2287520","PRJEB24876",NA,NA,"19/09/2013",2013,9,19,59.7289694,10.732025,"30_60","MESO","MESO",NA,NA,"Marine/Fjord/Sediment",24,NA,"Coordinates may be on land",NA,NA,NA,NA,NA,5953,491555,5,2,0,0,0,0,0,"NO_SUNLIGHT"
"2355","SRR5915255","SRR5915255","PRJNA385736",0.22,NA,"11/09/2016",2016,9,11,-34.84225,151.34422,"-30_-60","0","SURF",NA,"marine layer (ENVO_01000295)","Pelagic",35.662827,NA,"Coastal - East Australian Coastal Province","AUSE","East Australian coast","Pacific","Coastal","SPO",950,61043,5,3,0,0,0,0,0,"SUNLIGHT"
"2356","SRR6401782","SRR6401782","PRJNA385736",0.22,NA,"42503",2016,5,13,-56.495217,-170.013367,"-30_-60","5094","BATHY",NA,"marine layer (ENVO_01000295)","Pelagic",34.703,NA,"Westerlies - Subantarctic Province","SANT","Subantarctic water ring","Antarctic","Westerly","SO",562,149668,6,3,0,0,0,0,0,"NO_SUNLIGHT"
"2357","SRR5918644","SRR5918644","PRJNA385736",0.22,NA,"15/11/2014",2014,11,15,-42.288233,156.47875,"-30_-60","80","EPI",NA,"marine layer (ENVO_01000295)","Pelagic",35.463,NA,"Westerlies - Tasman Sea Province","TASM","Tasman Sea","Pacific","Westerly","SPO",1357,41821,6,4,0,0,0,0,0,"SUNLIGHT"
"2358","ERR2287529","ERR2287529","PRJEB25089",NA,NA,"15/09/2013",2013,9,15,59.8228444,10.7169194,"30_60","MESO","MESO",NA,NA,"Marine/Fjord/Sediment",NA,NA,"Coastal - NE Atlantic Shelves Province","NECS","Northeast Atlantic shelves","Atlantic","Coastal","NAO",5867,618472,6,3,0,0,0,0,0,"NO_SUNLIGHT"
"2359","ERR10234694","BZM_AAZJOSTA_2_1_HYFJJBCXY.12BA266","Tara_Oceans",5,"20","03/05/2011",2011,5,3,0.0247,-84.6024,"0_30","5","SURF",NA,NA,NA,34.529983,NA,"Coastal - Chile-Peru Current Coastal Province","CHIL",NA,"Pacific","Coastal","SPO",2668,510700,6,4,0,0,0,0,0,"SUNLIGHT"
"2360","ERR2220261","ERR2220261","PRJEB23771",0.22,"3","22/01/2011",2011,1,22,-25.86816667,-27.56733333,"0_-30","4000","BATHY",NA,"marine pelagic zone (ENVO_00000208)","marine biome/open ocean/water",34.81,NA,"Trades - South Atlantic Gyral Province (SATG)","SATL","South Atlantic gyral","Atlantic","Trade wind","SAO",1069,81036,7,4,0,0,0,0,0,"NO_SUNLIGHT"
"2361","ERR10234930","BZM_ABLHOSTA_1_1_H32WHBCX2.12BA055","Tara_Oceans",5,"20","02/12/2010",2010,12,2,-44.5838,-52.1952,"-30_-60","35","EPI",NA,NA,NA,34.73375,NA,"Westerlies - S. Subtropical Convergence Province","SSTC","South subtropical convergence","Antarctic","Westerly","SO",1955,562844,7,4,0,0,0,0,0,"SUNLIGHT"
"2362","ERR2338152","ERR2338152","PRJEB25141",NA,NA,"21/06/2013",2013,6,21,-66.44,-0.122,"-60_-90","SURF","SURF",NA,NA,"marine/sea ice/sea ice",NA,NA,"Polar - Antarctic Province","ANTA","Antarctic","Antarctic","Polar","SO",351,100214,7,2,0,0,0,0,0,"SUNLIGHT"
"2363","ERR10234705","BZM_AAZUOSTA_2_1_HYFJJBCXY.12BA208","Tara_Oceans",5,"20","01/09/2011",2011,9,1,-6.605,-152.5075,"0_-30","5","SURF",NA,NA,NA,35.432567,NA,"Trades - Pacific Equatorial Divergence Province","PEQD","Pacific equatorial divergence","Pacific","Trade wind","SPO",2839,531822,7,5,0,0,0,0,0,"SUNLIGHT"
"2364","ERR10234713","BZM_ABACOSTA_2_1_HYFJJBCXY.12BA209","Tara_Oceans",5,"20","28/08/2011",2011,8,28,-11.9668,-151.2413,"0_-30","5","SURF",NA,NA,NA,35.935908,NA,"Westerlies - S. Pacific Subtropical Gyre Province","SPSG","South Pacific gyre","Pacific","Trade wind","SPO",3260,611548,7,2,0,0,0,0,0,"SUNLIGHT"
"2365","ERR10234725","BZM_ABAOOSTA_2_1_HYFJJBCXY.12BA258","Tara_Oceans",5,"20","09/03/2012",2012,3,9,36.1399,-28.9689,"30_60","5","SURF",NA,NA,NA,36.232008,NA,"Westerlies - N. Atlantic Subtropical Gyral Province (East) (STGE)","NASE","Northeast Atlantic subtropical gyral","Atlantic","Westerly","NAO",2736,579791,7,4,0,0,0,0,0,"SUNLIGHT"
"2366","ERR10234726","BZM_ABAPOSTA_2_1_HYFJJBCXY.12BA270","Tara_Oceans",5,"20","05/03/2012",2012,3,5,35.8641,-37.1831,"30_60","5","SURF",NA,NA,NA,36.303117,NA,"Westerlies - N. Atlantic Subtropical Gyral Province (West) (STGW)","NASW","Northwest Atlantic subtropical gyral","Atlantic","Westerly","NAO",2280,508564,7,5,0,0,0,0,0,"SUNLIGHT"
"2367","SRR5917845","SRR5917845","PRJNA385736",0.22,NA,"14/09/2016",2016,9,14,-31.84433,153.3174,"-30_-60","0","SURF",NA,"marine layer (ENVO_01000295)","Pelagic",35.665818,NA,"Coastal - East Australian Coastal Province","AUSE","East Australian coast","Pacific","Coastal","SPO",1136,78280,7,4,0,0,0,0,0,"SUNLIGHT"
"2368","SRR6401306","SRR6401306","PRJNA385736",0.22,NA,"28/05/2016",2016,5,28,-42.39617,-174.40893,"-30_-60","965.4","MESO",NA,"marine layer (ENVO_01000295)","Pelagic",34.406,NA,"Coastal - New Zealand Coastal Province","NEWZ","New Zealand coast","Pacific","Coastal","SPO",770,166718,8,3,0,0,0,0,0,"NO_SUNLIGHT"
"2369","SRR7036275","SRR7036275","PRJNA385736",0.22,NA,"23/06/2016",2016,6,23,-0.99917,-168.74917,"0_-30","51.4","EPI",NA,"marine layer (ENVO_01000295)","Pelagic_Public",35.407,NA,"Trades - Pacific Equatorial Divergence Province","PEQD","Pacific equatorial divergence","Pacific","Trade wind","SPO",1797,138779,9,5,0,0,0,0,0,"SUNLIGHT"
"2370","ERR2286746","ERR2286746","PRJEB24158",NA,NA,"15/08/2013",2013,8,15,59.6757,10.5789667,"30_60","MESO","MESO",NA,NA,"Marine/Fjord/Sediments",NA,NA,"Coastal - NE Atlantic Shelves Province","NECS","Northeast Atlantic shelves","Atlantic","Coastal","NAO",6695,847399,9,4,0,0,0,0,0,"NO_SUNLIGHT"
"2371","ERR2287530","ERR2287530","Tara_Oceans",NA,NA,"15/09/2013",2013,9,15,59.8607417,10.69845,"30_60","MESO","MESO",NA,NA,"Marine/Fjord/Sediment",NA,NA,"Coastal - NE Atlantic Shelves Province","NECS","Northeast Atlantic shelves","Atlantic","Coastal","NAO",3723,529204,9,4,0,0,0,0,0,"NO_SUNLIGHT"
"2372","SRR5915199","SRR5915199","PRJNA385736",0.22,NA,"07/09/2016",2016,9,7,-36.99762,153.99853,"-30_-60","0","SURF",NA,"marine layer (ENVO_01000295)","Pelagic",35.512866,NA,"Westerlies - Tasman Sea Province","TASM","Tasman Sea","Pacific","Westerly","SPO",1145,50328,9,6,0,0,0,0,0,"SUNLIGHT"
"2373","ERR2286750","ERR2286750","PRJEB24158",NA,NA,"15/08/2013",2013,8,15,59.701675,10.5233222,"30_60","MESO","MESO",NA,NA,"Marine/Fjord/Sediments",NA,NA,"Coastal - NE Atlantic Shelves Province","NECS","Northeast Atlantic shelves","Atlantic","Coastal","NAO",10055,468510,10,5,0,0,0,0,0,"NO_SUNLIGHT"
"2374","ERR10234712","BZM_ABABOSTA_2_1_HYFJJBCXY.12BA197","Tara_Oceans",5,"20","18/10/2011",2011,10,18,35.3888,-127.7422,"30_60","5","SURF",NA,NA,NA,33.099008,NA,"Coastal - California Upwelling Coastal Province","CCAL","Coastal Californian current","Pacific","Coastal","NPO",2026,805505,10,4,0,0,0,0,0,"SUNLIGHT"
"2375","ERR2220173","ERR2220173","PRJEB23771",0.22,"3","22/01/2011",2011,1,22,-25.86816667,-27.56733333,"0_-30","3300","BATHY",NA,"marine pelagic zone (ENVO_00000208)","marine biome/open ocean/water",34.9,NA,"Trades - South Atlantic Gyral Province (SATG)","SATL","South Atlantic gyral","Atlantic","Trade wind","SAO",959,152093,11,3,0,0,0,0,0,"NO_SUNLIGHT"
"2376","ERR10234898","BZM_ABJYOSTA_1_1_H32WHBCX2.12BA015","Tara_Oceans",5,"20","07/09/2010",2010,9,7,-32.12,17.6987,"-30_-60","5","SURF",NA,NA,NA,34.849892,NA,"Coastal - Benguela Current Coastal Province","BENG","Benguela current coast","Atlantic","Coastal","SAO",1260,442003,11,5,0,0,0,0,0,"SUNLIGHT"
"2377","ERR10234927","BZM_ABLEOSTA_1_1_H32WHBCX2.12BA019","Tara_Oceans",5,"20","29/06/2010",2010,6,29,-17.4962,42.2173,"0_-30","5","SURF",NA,NA,NA,99999,NA,"Coastal - E. Africa Coastal Province","EAFR","East African coast","Indian","Coastal","IO",4027,427121,12,9,0,0,0,0,0,"SUNLIGHT"
"2378","ERR10234723","BZM_ABAMOSTA_2_1_HYFJJBCXY.12BA234","PRJEB24154",5,"20","01/03/2012",2012,3,1,34.0533,-49.8355,"30_60","5","SURF",NA,NA,NA,36.423075,NA,"Westerlies - N. Atlantic Subtropical Gyral Province (West) (STGW)","NASW","Northwest Atlantic subtropical gyral","Atlantic","Westerly","NAO",2811,747897,13,4,0,0,0,0,0,"SUNLIGHT"
"2379","ERR2220296","ERR2220296","PRJEB23771",0.22,"3","29/04/2011",2011,4,29,-3.410333333,-169.4625,"0_-30","1500","BATHY",NA,"marine pelagic zone (ENVO_00000208)","marine biome/open ocean/water",34.6,NA,"Trades - Pacific Equatorial Divergence Province","PEQD","Pacific equatorial divergence","Pacific","Trade wind","SPO",1155,103448,14,4,0,0,0,0,0,"NO_SUNLIGHT"
"2380","ERR10234699","BZM_AAZOOSTA_2_1_HYFJJBCXY.12BA231","Tara_Oceans",5,"20","05/09/2011",2011,9,5,0.0078,-153.6265,"0_30","5","SURF",NA,NA,NA,35.11632,NA,"Trades - Pacific Equatorial Divergence Province","PEQD","Pacific equatorial divergence","Pacific","Trade wind","NPO",3221,436543,15,7,0,0,0,0,0,"SUNLIGHT"
"2381","ERR10234724","BZM_ABANOSTA_2_1_HYFJJBCXY.12BA246","Tara_Oceans",5,"20","05/03/2012",2012,3,5,35.8777,-37.1969,"30_60","40","EPI",NA,NA,NA,36.302845,NA,"Westerlies - N. Atlantic Subtropical Gyral Province (West) (STGW)","NASW","Northwest Atlantic subtropical gyral","Atlantic","Westerly","NAO",2881,651448,18,6,0,0,0,0,0,"SUNLIGHT"
"2382","ERR10234890","BZM_ABJPOSTA_1_1_H32WHBCX2.12BA002","Tara_Oceans",5,"20","11/05/2010",2010,5,11,-21.4593,54.3041,"0_-30","5","SURF",NA,NA,NA,34.940633,NA,"Trades - Indian S. Subtropical Gyre Province","ISSG","Indian South subtropical gyre","Indian","Trade wind","IO",3485,557987,20,8,0,0,0,0,0,"SUNLIGHT"
"2383","ERR10234698","BZM_AAZNOSTA_2_1_HYFJJBCXY.12BA219","Tara_Oceans",5,"20","05/09/2011",2011,9,5,0.001,-153.6387,"0_30","40","EPI",NA,NA,NA,35.13638,NA,"Trades - Pacific Equatorial Divergence Province","PEQD","Pacific equatorial divergence","Pacific","Trade wind","NPO",3389,496363,21,10,0,0,0,0,0,"SUNLIGHT"
"2384","ERR10234174","BZM_AAEJOSTA_1_1_HYN2WBCX2.12BA014","Tara_Oceans",0.8,"5","20/03/2010",2010,3,20,18.7341,66.3896,"0_30","270","MESO",NA,NA,NA,35.901885,NA,"Coastal - NW Arabian Upwelling Province","ARAB","Northwest Arabian Sea upwelling","Indian","Westerly","IO",2120,488689,23,5,0,0,0,0,0,"NO_SUNLIGHT"
"2385","ERR10234706","BZM_AAZVOSTA_2_1_HYFJJBCXY.12BA220","Tara_Oceans",5,"20","02/09/2011",2011,9,2,-6.6382,-152.5141,"0_-30","100","EPI",NA,NA,NA,35.503872,NA,"Trades - Pacific Equatorial Divergence Province","PEQD","Pacific equatorial divergence","Pacific","Trade wind","SPO",3404,477217,24,9,0,0,0,0,0,"SUNLIGHT"
"2386","ERR10234166","BZM_AAEBOSTA_1_1_HYN2WBCX2.12BA013","Tara_Oceans",0.8,"5","16/03/2010",2010,3,16,19.0351,64.5638,"0_30","340","MESO",NA,NA,NA,36.021302,NA,"Coastal - NW Arabian Upwelling Province","ARAB","Northwest Arabian Sea upwelling","Indian","Westerly","IO",2212,448106,25,9,0,0,0,0,0,"NO_SUNLIGHT"
"2387","SRR3735302","SRR3735302","PRJNA326482",2.7,NA,"15/05/2014",2014,5,15,10.617,-65.167,"0_30","295","MESO",NA,"marine layer (ENVO_01000295)","seawater",36.4,NA,"Coastal - Guianas Coastal Province","GUIA","Guianas coast","Atlantic","Coastal","NAO",848,348732,26,2,0,0,0,0,0,"NO_SUNLIGHT"
"2388","ERR10234899","BZM_ABJZOSTA_1_1_H32WHBCX2.12BA027","Tara_Oceans",5,"20","04/11/2010",2010,11,4,-30.2163,-43.275,"-30_-60","5","SURF",NA,NA,NA,36.323142,NA,"Trades - South Atlantic Gyral Province (SATG)","SATL","South Atlantic gyral","Atlantic","Trade wind","SAO",2481,544534,26,6,0,0,0,0,0,"SUNLIGHT"
"2389","ERR10234926","BZM_ABLDOSTA_1_1_H32WHBCX2.12BA007","Tara_Oceans",5,"20","25/05/2010",2010,5,25,-13.0655,46.9692,"0_-30","5","SURF",NA,NA,NA,34.932975,NA,"Coastal - E. Africa Coastal Province","EAFR","East African coast","Indian","Coastal","IO",3444,976789,26,4,0,0,0,0,0,"SUNLIGHT"
"2390","SRR5808614","SRR5808614","PRJNA393172",NA,NA,"02/08/2015",2015,8,2,24.4152833,-156.3139167,"0_30","15","EPI",NA,"marine photic zone (ENVO_00000209)","environmental",35.395,NA,"Trades - N. Pacific Tropical Gyre Province","NPTG","North Pacific Tropical gyre","Pacific","Trade wind","NPO",2838,247062,36,10,0,0,0,0,0,"SUNLIGHT"
"2391","SRR5808619","SRR5808619","PRJNA393172",NA,NA,"01/08/2015",2015,8,1,24.4958667,-156.2977,"0_30","15","EPI",NA,"marine photic zone (ENVO_00000209)","environmental",35.391,NA,"Trades - N. Pacific Tropical Gyre Province","NPTG","North Pacific Tropical gyre","Pacific","Trade wind","NPO",3103,236589,42,12,0,0,0,0,0,"SUNLIGHT"
"2392","ERR10234936","BZM_ABLNOSTA_1_1_H32WHBCX2.12BA032","Tara_Oceans",5,"20","18/03/2011",2011,3,18,-32.7969,-87.086,"-30_-60","5","SURF",NA,NA,NA,34.681925,NA,"Westerlies - S. Pacific Subtropical Gyre Province","SPSG","South Pacific gyre","Pacific","Trade wind","SPO",3289,1233191,58,6,0,0,0,0,0,"SUNLIGHT"
"2393","ERR10234653","BZM_AAXTOSTA_2_1_H32WHBCX2.12BA086","Tara_Oceans",3,">3","24/10/2011",2011,10,24,33.0339,-121.8782,"30_60","650","MESO",NA,NA,NA,34.335445,NA,"Coastal - California Upwelling Coastal Province","CCAL","Coastal Californian current","Pacific","Coastal","NPO",3592,551574,92,18,0,0,0,0,0,"NO_SUNLIGHT"
"2394","ERR10028103","VA122_RNA","BioMarKs_Illumina",0.8,"3","26/05/2010",2010,5,26,43.16666667,28.83333333,"30_60","250","MESO",NA,"marine anoxic zone (ENVO_01000066)",NA,999,NA,"Westerlies - Mediterranean Sea, Black Sea Province","MEDI","Mediterranean Sea","Atlantic","Westerly","NAO",1250,735850,166,4,0,0,0,0,0,"NO_SUNLIGHT"
